src_ip,dst_ip,packet_rate,unique_ports,avg_packet_size,protocol,duration,attack_type
10.10.10.113,192.168.1.119,2504.0,1,1924.5,UDP,8.3,dns_amplification
45.33.32.185,172.16.1.181,200.8,145,95.6,PIM,16.8,protocol_anomaly
203.0.113.27,172.16.1.18,6425.1,1,60.2,TCP,8.4,syn_flood
172.16.0.190,172.16.1.24,3010.9,1,68.8,TCP,9.5,syn_flood
10.10.10.179,10.0.0.220,6016.5,1,71.3,TCP,9.2,syn_flood
198.51.100.231,172.16.1.200,16.4,2,26.1,TCP,263.6,slowloris
45.33.32.202,192.168.1.136,1717.1,2,1547.2,UDP,20.0,dns_amplification
198.51.100.102,10.0.0.138,3628.5,3,56.8,UDP,10.1,udp_flood
203.0.113.23,10.0.0.64,1561.2,17,73.4,SCTP,10.7,protocol_anomaly
172.16.0.47,10.0.0.127,7456.7,1,75.2,TCP,1.9,syn_flood
198.51.100.21,172.16.1.64,11.9,2,52.9,TCP,278.4,slowloris
172.16.0.210,172.16.1.158,390.8,126,389.8,AH,29.0,protocol_anomaly
45.33.32.109,10.0.0.8,5089.8,2,80.8,UDP,20.9,udp_flood
10.10.10.226,10.0.0.223,351.6,118,174.4,AH,3.0,protocol_anomaly
45.33.32.38,172.16.1.173,845.4,211,106.0,TCP,8.9,port_scan
45.33.32.152,172.16.1.235,2846.7,19,191.4,SCTP,14.5,protocol_anomaly
203.0.113.39,192.168.1.126,2948.4,78,443.0,GRE,8.0,protocol_anomaly
45.33.32.231,10.0.0.190,3206.6,1,86.3,UDP,7.9,udp_flood
45.33.32.15,192.168.1.22,8183.7,2,66.4,TCP,9.3,syn_flood
172.16.0.156,172.16.1.50,264.2,331,64.1,TCP,14.0,port_scan
45.33.32.120,10.0.0.100,2545.3,2,1926.5,UDP,54.8,dns_amplification
203.0.113.32,10.0.0.152,3362.3,2,1440.2,UDP,5.1,dns_amplification
198.51.100.183,172.16.1.233,3686.8,1,3813.2,UDP,59.5,dns_amplification
10.10.10.54,10.0.0.69,2534.9,1,2242.6,UDP,53.2,dns_amplification
198.51.100.47,192.168.1.238,2950.9,69,369.9,AH,24.5,protocol_anomaly
45.33.32.112,10.0.0.174,9963.8,1,50.8,TCP,1.7,syn_flood
198.51.100.215,192.168.1.186,1243.1,5,162.2,PIM,6.7,protocol_anomaly
198.51.100.234,192.168.1.21,1350.4,45,252.3,GRE,15.4,protocol_anomaly
198.51.100.33,192.168.1.30,3575.9,1,1961.3,UDP,47.0,dns_amplification
10.10.10.127,10.0.0.131,236.3,103,167.4,PIM,29.0,protocol_anomaly
172.16.0.233,10.0.0.197,4321.7,2,2961.8,UDP,39.4,dns_amplification
10.10.10.169,172.16.1.107,7810.0,2,66.5,UDP,24.6,udp_flood
198.51.100.229,10.0.0.164,1918.2,33,146.5,GRE,5.3,protocol_anomaly
10.10.10.233,192.168.1.134,1911.6,2,2125.8,UDP,54.7,dns_amplification
172.16.0.228,172.16.1.253,318.5,491,112.6,TCP,10.0,port_scan
172.16.0.188,192.168.1.106,5601.3,2,67.5,TCP,4.4,syn_flood
172.16.0.29,10.0.0.190,8299.8,2,48.3,TCP,2.9,syn_flood
172.16.0.1,192.168.1.177,4835.8,2,49.7,TCP,3.3,syn_flood
45.33.32.252,192.168.1.116,4532.3,1,3489.9,UDP,9.8,dns_amplification
203.0.113.114,172.16.1.188,317.1,350,112.9,TCP,11.1,port_scan
10.10.10.162,10.0.0.66,2436.3,108,310.3,IGMP,15.8,protocol_anomaly
10.10.10.47,10.0.0.127,8636.2,1,73.1,TCP,1.6,syn_flood
10.10.10.164,10.0.0.223,1949.2,100,452.2,ESP,9.5,protocol_anomaly
10.10.10.178,192.168.1.47,10.4,2,34.9,TCP,263.8,slowloris
45.33.32.185,172.16.1.164,1143.5,1,3974.2,UDP,30.3,dns_amplification
10.10.10.244,172.16.1.130,7339.7,1,75.4,TCP,6.2,syn_flood
198.51.100.9,192.168.1.227,5298.6,1,62.2,TCP,4.5,syn_flood
10.10.10.130,192.168.1.94,5061.7,2,67.2,TCP,0.7,syn_flood
172.16.0.142,192.168.1.144,4080.0,4,90.7,UDP,6.2,udp_flood
172.16.0.164,192.168.1.151,26.9,1,22.7,TCP,211.5,slowloris
203.0.113.221,172.16.1.161,4404.6,2,81.4,UDP,29.8,udp_flood
45.33.32.194,10.0.0.147,1575.2,2,29.8,UDP,25.2,udp_flood
10.10.10.38,10.0.0.223,2603.8,2,1710.8,UDP,55.9,dns_amplification
172.16.0.184,10.0.0.49,1081.6,121,101.2,IGMP,26.5,protocol_anomaly
45.33.32.239,10.0.0.43,3073.1,3,57.6,UDP,14.9,udp_flood
172.16.0.74,10.0.0.178,3462.5,1,67.9,UDP,28.7,udp_flood
45.33.32.55,192.168.1.179,694.9,445,86.2,TCP,13.4,port_scan
198.51.100.9,172.16.1.179,9721.7,2,67.4,TCP,4.9,syn_flood
10.10.10.35,172.16.1.177,8063.8,2,44.5,TCP,4.3,syn_flood
10.10.10.9,10.0.0.171,19.8,2,56.2,TCP,297.8,slowloris
45.33.32.170,172.16.1.55,2063.7,2,95.7,UDP,1.3,udp_flood
45.33.32.139,192.168.1.59,6154.8,3,84.0,UDP,8.2,udp_flood
203.0.113.66,10.0.0.227,7463.8,1,54.8,TCP,9.0,syn_flood
10.10.10.201,172.16.1.22,343.3,221,94.0,TCP,11.6,port_scan
10.10.10.167,172.16.1.35,10.6,1,34.1,TCP,359.5,slowloris
203.0.113.171,10.0.0.98,8335.2,1,42.7,TCP,9.9,syn_flood
203.0.113.100,192.168.1.38,9530.7,2,67.1,TCP,4.3,syn_flood
203.0.113.244,192.168.1.127,1218.6,2,2235.0,UDP,59.8,dns_amplification
10.10.10.179,172.16.1.106,1614.9,2,3872.4,UDP,14.0,dns_amplification
203.0.113.104,172.16.1.38,212.1,185,79.3,TCP,0.8,port_scan
10.10.10.250,10.0.0.6,7846.2,1,42.8,TCP,3.6,syn_flood
172.16.0.102,10.0.0.208,23.3,1,20.2,TCP,366.6,slowloris
10.10.10.236,192.168.1.32,15.0,2,50.7,TCP,264.4,slowloris
45.33.32.140,10.0.0.115,8852.1,1,69.0,TCP,4.8,syn_flood
10.10.10.199,192.168.1.186,3768.5,4,20.1,UDP,7.5,udp_flood
203.0.113.40,192.168.1.181,2273.0,42,224.7,ESP,1.2,protocol_anomaly
172.16.0.57,10.0.0.39,3668.2,4,23.6,UDP,3.5,udp_flood
10.10.10.92,172.16.1.10,3099.1,1,95.5,UDP,4.8,udp_flood
45.33.32.229,172.16.1.36,7083.5,1,44.3,TCP,9.3,syn_flood
172.16.0.99,192.168.1.163,29.4,2,57.3,TCP,400.5,slowloris
172.16.0.246,172.16.1.96,2675.2,1,1402.2,UDP,50.2,dns_amplification
203.0.113.3,192.168.1.115,763.3,489,43.8,UDP,2.4,port_scan
10.10.10.230,192.168.1.222,881.7,113,114.2,TCP,9.9,port_scan
45.33.32.203,192.168.1.179,23.7,2,31.2,TCP,127.1,slowloris
203.0.113.186,192.168.1.215,28.2,2,54.8,TCP,354.2,slowloris
10.10.10.49,172.16.1.242,831.7,65,84.3,UDP,1.7,port_scan
172.16.0.83,10.0.0.66,2175.3,2,73.2,UDP,21.5,udp_flood
45.33.32.148,192.168.1.56,8.0,1,33.3,TCP,391.0,slowloris
203.0.113.55,172.16.1.86,25.9,2,23.5,TCP,578.7,slowloris
198.51.100.191,192.168.1.233,26.7,1,45.0,TCP,577.4,slowloris
45.33.32.74,192.168.1.92,2359.6,1,3240.0,UDP,11.9,dns_amplification
203.0.113.33,172.16.1.186,807.5,248,90.4,UDP,3.4,port_scan
203.0.113.6,10.0.0.225,8439.5,2,43.0,TCP,8.9,syn_flood
172.16.0.125,10.0.0.113,812.5,139,448.8,PIM,23.2,protocol_anomaly
10.10.10.81,172.16.1.222,2156.8,1,1838.8,UDP,49.2,dns_amplification
10.10.10.78,192.168.1.153,5417.9,1,73.7,TCP,8.8,syn_flood
10.10.10.138,10.0.0.206,5423.0,1,45.9,TCP,1.4,syn_flood
172.16.0.83,172.16.1.59,636.7,239,100.2,TCP,10.2,port_scan
203.0.113.197,192.168.1.5,3517.4,2,3173.4,UDP,15.8,dns_amplification
10.10.10.212,192.168.1.49,2063.1,1,75.7,TCP,2.4,syn_flood
172.16.0.230,172.16.1.184,23.7,2,50.9,TCP,333.3,slowloris
203.0.113.112,192.168.1.29,4648.9,3,54.0,UDP,6.9,udp_flood
198.51.100.73,10.0.0.66,2889.3,2,2375.7,UDP,52.6,dns_amplification
203.0.113.198,192.168.1.64,4764.5,2,2375.6,UDP,46.7,dns_amplification
172.16.0.105,10.0.0.240,4986.3,1,49.1,TCP,3.5,syn_flood
172.16.0.87,172.16.1.80,747.5,153,64.9,TCP,9.4,port_scan
10.10.10.216,10.0.0.171,656.1,347,65.5,UDP,7.5,port_scan
198.51.100.2,192.168.1.130,1462.9,2,2991.4,UDP,55.4,dns_amplification
45.33.32.13,172.16.1.74,404.8,192,98.2,TCP,3.4,port_scan
172.16.0.127,192.168.1.53,16.3,1,48.1,TCP,499.4,slowloris
203.0.113.9,172.16.1.135,9049.5,1,59.7,TCP,3.7,syn_flood
203.0.113.240,10.0.0.29,2277.2,103,46.4,SCTP,7.2,protocol_anomaly
172.16.0.80,10.0.0.65,4643.5,2,81.3,UDP,29.7,udp_flood
172.16.0.55,10.0.0.152,730.2,186,58.5,TCP,6.9,port_scan
198.51.100.175,172.16.1.157,423.0,336,103.6,TCP,14.3,port_scan
198.51.100.194,10.0.0.86,5465.7,2,43.5,TCP,3.9,syn_flood
203.0.113.164,10.0.0.3,19.8,2,42.8,TCP,380.1,slowloris
45.33.32.19,10.0.0.176,864.7,116,59.0,TCP,8.4,port_scan
198.51.100.33,192.168.1.208,158.0,261,63.5,TCP,6.7,port_scan
198.51.100.240,172.16.1.111,4230.1,2,2714.1,UDP,31.0,dns_amplification
172.16.0.215,172.16.1.250,5.2,1,28.2,TCP,597.4,slowloris
10.10.10.66,192.168.1.208,2302.9,72,465.3,SCTP,27.8,protocol_anomaly
203.0.113.65,192.168.1.244,1668.8,24,154.1,AH,29.3,protocol_anomaly
198.51.100.226,192.168.1.228,3629.2,2,54.1,TCP,8.4,syn_flood
172.16.0.126,10.0.0.80,580.0,311,90.0,TCP,1.8,port_scan
45.33.32.178,10.0.0.59,3533.8,2,2484.5,UDP,18.9,dns_amplification
198.51.100.247,10.0.0.107,1222.1,20,297.5,AH,22.4,protocol_anomaly
198.51.100.179,192.168.1.223,19.5,1,22.1,TCP,123.7,slowloris
45.33.32.109,10.0.0.65,3510.8,2,1844.9,UDP,24.9,dns_amplification
45.33.32.195,10.0.0.35,2863.2,2,44.8,TCP,5.9,syn_flood
203.0.113.165,172.16.1.180,1688.6,2,1976.6,UDP,24.6,dns_amplification
45.33.32.87,10.0.0.82,389.5,418,50.2,UDP,7.3,port_scan
10.10.10.241,10.0.0.34,3879.8,1,1651.0,UDP,16.7,dns_amplification
172.16.0.20,10.0.0.149,2235.2,6,281.2,AH,5.9,protocol_anomaly
45.33.32.34,10.0.0.205,3485.3,3,20.2,UDP,5.3,udp_flood
203.0.113.187,192.168.1.229,655.1,485,108.8,TCP,5.0,port_scan
172.16.0.29,172.16.1.139,7319.2,1,55.4,TCP,3.1,syn_flood
10.10.10.253,10.0.0.65,9126.1,1,52.6,TCP,4.8,syn_flood
198.51.100.43,10.0.0.117,19.0,2,49.4,TCP,425.4,slowloris
172.16.0.87,10.0.0.2,3443.4,2,76.9,TCP,7.1,syn_flood
172.16.0.138,192.168.1.4,1677.6,1,2440.6,UDP,3.5,dns_amplification
203.0.113.215,172.16.1.96,5533.8,2,62.2,TCP,8.1,syn_flood
45.33.32.89,172.16.1.84,1549.9,82,263.1,PIM,29.2,protocol_anomaly
10.10.10.14,172.16.1.236,406.3,340,58.4,TCP,12.1,port_scan
203.0.113.163,10.0.0.21,2895.7,4,60.3,UDP,14.7,udp_flood
172.16.0.46,10.0.0.64,946.7,73,71.8,PIM,25.3,protocol_anomaly
45.33.32.183,192.168.1.26,4741.2,1,29.8,UDP,29.6,udp_flood
45.33.32.211,10.0.0.189,3279.0,1,1804.8,UDP,36.8,dns_amplification
45.33.32.231,10.0.0.172,3693.1,2,75.5,TCP,0.9,syn_flood
10.10.10.38,172.16.1.208,23.7,2,52.8,TCP,527.0,slowloris
198.51.100.41,10.0.0.84,1226.7,81,245.1,AH,14.1,protocol_anomaly
45.33.32.163,192.168.1.9,1091.6,2,2311.8,UDP,37.9,dns_amplification
172.16.0.80,192.168.1.246,17.7,1,50.2,TCP,373.7,slowloris
10.10.10.242,192.168.1.70,2822.7,10,342.0,IGMP,28.5,protocol_anomaly
203.0.113.175,192.168.1.49,1764.8,1,41.5,UDP,10.2,udp_flood
198.51.100.61,192.168.1.136,1558.5,138,123.5,PIM,11.2,protocol_anomaly
203.0.113.175,172.16.1.146,3503.0,2,2695.0,UDP,50.7,dns_amplification
10.10.10.66,192.168.1.20,379.0,211,107.6,TCP,9.5,port_scan
203.0.113.39,192.168.1.174,8191.6,1,78.8,TCP,0.6,syn_flood
10.10.10.81,192.168.1.151,618.0,365,48.2,TCP,7.0,port_scan
198.51.100.35,172.16.1.21,3938.1,1,72.3,TCP,8.7,syn_flood
203.0.113.209,192.168.1.111,2676.9,1,78.0,TCP,9.4,syn_flood
198.51.100.94,192.168.1.224,3244.0,2,2399.3,UDP,16.1,dns_amplification
45.33.32.115,10.0.0.46,1977.0,84,143.0,ESP,18.9,protocol_anomaly
45.33.32.68,192.168.1.234,255.1,184,50.4,TCP,9.2,port_scan
172.16.0.161,172.16.1.132,441.4,75,86.1,TCP,13.1,port_scan
203.0.113.127,192.168.1.53,1788.5,25,436.5,GRE,10.7,protocol_anomaly
10.10.10.43,192.168.1.11,3524.1,1,2914.1,UDP,43.3,dns_amplification
203.0.113.159,10.0.0.161,12.0,2,34.5,TCP,344.7,slowloris
10.10.10.194,10.0.0.160,5722.6,1,51.6,TCP,8.2,syn_flood
45.33.32.76,172.16.1.187,678.3,204,81.0,TCP,12.1,port_scan
198.51.100.27,172.16.1.47,2140.0,1,3867.9,UDP,14.3,dns_amplification
198.51.100.8,10.0.0.27,3326.3,1,40.4,UDP,18.3,udp_flood
45.33.32.143,192.168.1.168,3148.1,4,35.4,UDP,23.1,udp_flood
45.33.32.247,172.16.1.141,786.7,472,99.5,TCP,6.0,port_scan
45.33.32.205,172.16.1.88,837.0,190,53.0,TCP,5.6,port_scan
172.16.0.87,10.0.0.241,2716.1,2,1580.6,UDP,25.9,dns_amplification
198.51.100.118,192.168.1.137,6999.4,3,87.0,UDP,16.6,udp_flood
203.0.113.218,172.16.1.156,5708.2,2,65.5,TCP,2.1,syn_flood
10.10.10.234,10.0.0.105,1637.2,84,355.7,ESP,28.2,protocol_anomaly
198.51.100.73,172.16.1.191,9426.2,1,74.2,TCP,0.8,syn_flood
45.33.32.48,172.16.1.16,5880.9,3,45.4,UDP,26.3,udp_flood
45.33.32.224,172.16.1.168,774.3,161,58.9,TCP,9.0,port_scan
198.51.100.115,192.168.1.105,201.5,158,116.9,TCP,0.6,port_scan
10.10.10.51,192.168.1.124,130.9,102,339.3,IGMP,24.6,protocol_anomaly
198.51.100.10,10.0.0.78,5.3,1,34.9,TCP,511.0,slowloris
45.33.32.85,172.16.1.120,5.3,1,33.9,TCP,554.6,slowloris
198.51.100.106,192.168.1.64,9008.6,2,48.9,TCP,1.1,syn_flood
172.16.0.210,10.0.0.59,2467.4,2,2140.8,UDP,6.1,dns_amplification
198.51.100.6,10.0.0.1,538.1,41,230.6,ESP,25.9,protocol_anomaly
198.51.100.77,172.16.1.58,3315.0,3,71.4,UDP,15.1,udp_flood
172.16.0.168,192.168.1.11,12.1,1,24.1,TCP,508.6,slowloris
203.0.113.204,172.16.1.40,2082.8,129,141.6,ESP,7.9,protocol_anomaly
198.51.100.30,192.168.1.120,1214.5,8,396.7,AH,22.1,protocol_anomaly
198.51.100.77,172.16.1.176,8.1,2,39.2,TCP,438.4,slowloris
198.51.100.251,10.0.0.202,370.8,355,53.0,TCP,3.5,port_scan
198.51.100.196,172.16.1.135,18.0,2,21.9,TCP,411.4,slowloris
45.33.32.4,172.16.1.109,4507.0,2,71.0,TCP,4.8,syn_flood
10.10.10.195,192.168.1.161,14.4,2,26.2,TCP,418.9,slowloris
10.10.10.105,172.16.1.2,9397.6,1,40.1,TCP,1.1,syn_flood
203.0.113.27,172.16.1.84,29.4,2,40.3,TCP,447.8,slowloris
203.0.113.165,10.0.0.177,5295.3,2,91.2,UDP,20.9,udp_flood
198.51.100.187,172.16.1.56,4471.0,2,54.7,TCP,1.6,syn_flood
198.51.100.210,192.168.1.151,2465.3,1,61.3,TCP,4.4,syn_flood
172.16.0.101,172.16.1.177,3268.5,2,2871.8,UDP,13.6,dns_amplification
203.0.113.133,192.168.1.35,25.1,1,33.4,TCP,285.6,slowloris
10.10.10.145,10.0.0.140,211.1,484,45.7,TCP,1.5,port_scan
172.16.0.116,192.168.1.179,2830.9,1,68.5,UDP,11.1,udp_flood
203.0.113.44,192.168.1.68,9182.6,1,62.4,TCP,6.0,syn_flood
10.10.10.110,192.168.1.201,29.5,1,21.2,TCP,191.2,slowloris
203.0.113.1,192.168.1.108,597.8,283,114.7,TCP,6.4,port_scan
10.10.10.86,10.0.0.60,2389.5,1,3523.9,UDP,3.7,dns_amplification
10.10.10.173,192.168.1.22,26.1,1,47.1,TCP,179.5,slowloris
10.10.10.81,10.0.0.226,487.8,36,241.4,IGMP,23.2,protocol_anomaly
198.51.100.159,192.168.1.114,7864.6,1,42.5,TCP,8.2,syn_flood
198.51.100.230,192.168.1.175,9667.0,2,58.1,TCP,1.6,syn_flood
45.33.32.168,10.0.0.42,1851.9,2,1901.0,UDP,51.9,dns_amplification
198.51.100.146,172.16.1.19,4496.1,1,70.2,TCP,3.2,syn_flood
203.0.113.61,10.0.0.239,1384.5,103,299.3,GRE,9.2,protocol_anomaly
203.0.113.185,10.0.0.132,813.1,330,88.1,TCP,10.9,port_scan
198.51.100.204,172.16.1.25,2826.6,1,1627.0,UDP,47.3,dns_amplification
45.33.32.115,10.0.0.238,20.1,2,55.0,TCP,419.4,slowloris
45.33.32.13,10.0.0.34,5520.1,3,85.4,UDP,10.9,udp_flood
10.10.10.250,192.168.1.65,6825.5,1,89.5,UDP,10.3,udp_flood
172.16.0.17,172.16.1.138,816.3,493,73.6,TCP,12.6,port_scan
172.16.0.35,10.0.0.148,7344.5,2,49.7,TCP,5.5,syn_flood
45.33.32.49,192.168.1.228,596.3,307,92.8,TCP,14.0,port_scan
172.16.0.86,172.16.1.116,868.5,362,68.0,TCP,14.9,port_scan
198.51.100.152,10.0.0.235,2019.5,2,2232.2,UDP,13.2,dns_amplification
45.33.32.153,172.16.1.204,2505.7,77,254.7,SCTP,12.5,protocol_anomaly
172.16.0.232,10.0.0.148,3125.3,1,1660.3,UDP,12.2,dns_amplification
45.33.32.96,10.0.0.146,8527.8,1,73.5,TCP,5.4,syn_flood
45.33.32.28,192.168.1.29,6073.5,4,75.4,UDP,18.6,udp_flood
45.33.32.219,172.16.1.232,3402.4,2,3445.6,UDP,46.7,dns_amplification
172.16.0.231,172.16.1.44,1657.8,2,3439.4,UDP,50.7,dns_amplification
45.33.32.89,192.168.1.173,3619.6,2,2485.0,UDP,50.8,dns_amplification
10.10.10.151,192.168.1.116,1459.4,81,168.4,SCTP,20.3,protocol_anomaly
198.51.100.145,192.168.1.154,1159.0,2,3071.0,UDP,49.7,dns_amplification
45.33.32.33,192.168.1.196,3686.0,1,3141.9,UDP,9.5,dns_amplification
203.0.113.26,192.168.1.29,284.7,130,219.1,SCTP,27.6,protocol_anomaly
203.0.113.151,192.168.1.148,5266.2,4,34.5,UDP,12.6,udp_flood
198.51.100.54,192.168.1.248,3646.4,1,1564.9,UDP,54.7,dns_amplification
198.51.100.82,10.0.0.94,16.3,1,35.0,TCP,179.9,slowloris
198.51.100.115,172.16.1.86,287.7,397,44.4,TCP,1.7,port_scan
45.33.32.72,10.0.0.241,5103.8,2,20.6,UDP,28.5,udp_flood
203.0.113.200,10.0.0.55,6559.2,2,96.9,UDP,23.3,udp_flood
45.33.32.246,172.16.1.120,63.3,103,408.4,IGMP,26.7,protocol_anomaly
203.0.113.197,172.16.1.157,4993.6,1,2579.9,UDP,28.4,dns_amplification
172.16.0.137,192.168.1.244,2015.2,2,2125.2,UDP,20.2,dns_amplification
203.0.113.65,10.0.0.245,5117.2,1,82.4,UDP,7.2,udp_flood
203.0.113.89,10.0.0.1,1464.3,2,2058.7,UDP,46.5,dns_amplification
10.10.10.184,192.168.1.175,7084.6,2,79.8,TCP,9.1,syn_flood
203.0.113.83,192.168.1.63,2092.9,91,242.9,PIM,2.9,protocol_anomaly
45.33.32.238,172.16.1.238,5352.8,1,95.4,UDP,28.4,udp_flood
203.0.113.38,172.16.1.39,3454.6,1,2758.5,UDP,13.2,dns_amplification
203.0.113.74,192.168.1.56,11.6,1,36.4,TCP,178.9,slowloris
10.10.10.81,192.168.1.236,2699.1,1,59.9,TCP,1.3,syn_flood
172.16.0.158,192.168.1.197,4886.7,3,91.0,UDP,12.5,udp_flood
172.16.0.81,172.16.1.159,21.7,2,45.0,TCP,533.7,slowloris
172.16.0.11,10.0.0.190,1698.0,2,2493.0,UDP,50.5,dns_amplification
172.16.0.84,10.0.0.48,3473.1,2,1334.9,UDP,49.0,dns_amplification
198.51.100.64,192.168.1.73,785.3,202,113.4,TCP,1.6,port_scan
45.33.32.147,172.16.1.149,4396.6,2,27.3,UDP,6.7,udp_flood
10.10.10.197,172.16.1.132,27.4,2,38.1,TCP,428.2,slowloris
198.51.100.251,192.168.1.173,2711.2,6,468.6,GRE,2.0,protocol_anomaly
45.33.32.12,172.16.1.97,1308.6,1,2050.8,UDP,41.5,dns_amplification
172.16.0.182,192.168.1.148,7674.4,2,69.5,UDP,6.2,udp_flood
198.51.100.50,10.0.0.66,793.5,274,114.9,UDP,6.8,port_scan
172.16.0.26,10.0.0.51,1494.5,2,2802.0,UDP,38.9,dns_amplification
10.10.10.160,10.0.0.215,10.7,1,50.5,TCP,175.4,slowloris
10.10.10.228,192.168.1.135,8961.3,1,57.6,TCP,1.3,syn_flood
198.51.100.168,172.16.1.136,550.9,132,105.6,TCP,3.6,port_scan
45.33.32.177,192.168.1.61,7542.9,2,73.8,TCP,5.2,syn_flood
10.10.10.114,10.0.0.149,206.6,133,137.0,SCTP,19.5,protocol_anomaly
10.10.10.5,192.168.1.162,22.3,1,49.5,TCP,417.7,slowloris
203.0.113.215,172.16.1.221,1015.9,32,357.9,PIM,4.8,protocol_anomaly
10.10.10.165,192.168.1.133,2169.0,15,497.6,AH,3.7,protocol_anomaly
203.0.113.199,192.168.1.198,3615.1,1,3178.3,UDP,12.6,dns_amplification
172.16.0.20,172.16.1.228,8803.9,1,78.6,TCP,4.8,syn_flood
203.0.113.232,192.168.1.63,2452.0,49,85.4,AH,11.5,protocol_anomaly
198.51.100.38,172.16.1.16,2626.5,1,1843.1,UDP,26.1,dns_amplification
198.51.100.73,192.168.1.188,532.7,35,428.5,SCTP,9.0,protocol_anomaly
172.16.0.155,10.0.0.41,4845.3,2,3039.0,UDP,18.5,dns_amplification
203.0.113.28,192.168.1.226,1799.1,2,89.5,UDP,8.1,udp_flood
198.51.100.152,172.16.1.130,663.7,297,72.8,TCP,6.1,port_scan
45.33.32.137,192.168.1.181,3317.5,2,88.3,UDP,24.9,udp_flood
172.16.0.49,172.16.1.252,413.7,158,102.4,TCP,12.5,port_scan
172.16.0.19,10.0.0.188,2088.1,144,277.4,IGMP,0.8,protocol_anomaly
10.10.10.244,172.16.1.3,252.4,55,46.9,UDP,11.1,port_scan
10.10.10.194,10.0.0.48,451.0,139,98.8,SCTP,18.1,protocol_anomaly
45.33.32.200,192.168.1.161,6727.4,3,89.3,UDP,20.1,udp_flood
203.0.113.86,10.0.0.188,1110.6,1,3089.3,UDP,12.1,dns_amplification
172.16.0.90,192.168.1.112,289.1,325,57.6,TCP,2.2,port_scan
203.0.113.82,192.168.1.11,2553.0,59,494.1,ESP,22.9,protocol_anomaly
10.10.10.203,10.0.0.241,11.4,2,56.8,TCP,198.7,slowloris
198.51.100.89,10.0.0.53,11.9,2,49.3,TCP,520.3,slowloris
10.10.10.195,172.16.1.151,19.3,1,33.3,TCP,453.5,slowloris
198.51.100.59,192.168.1.208,1095.2,34,150.0,GRE,26.7,protocol_anomaly
10.10.10.24,172.16.1.144,3036.1,1,2708.0,UDP,52.3,dns_amplification
203.0.113.87,192.168.1.84,16.0,2,58.3,TCP,320.5,slowloris
203.0.113.144,192.168.1.60,2551.5,1,79.8,TCP,2.9,syn_flood
10.10.10.195,10.0.0.228,2664.2,3,64.1,UDP,28.7,udp_flood
198.51.100.234,172.16.1.130,1707.5,95,361.7,PIM,11.6,protocol_anomaly
45.33.32.120,10.0.0.33,2900.3,1,3072.6,UDP,50.6,dns_amplification
45.33.32.137,10.0.0.51,2911.8,1,63.5,TCP,3.0,syn_flood
10.10.10.230,10.0.0.239,7246.9,2,73.2,TCP,0.9,syn_flood
45.33.32.160,192.168.1.117,716.8,63,45.3,PIM,18.7,protocol_anomaly
203.0.113.142,10.0.0.228,2960.1,1,1711.0,UDP,15.2,dns_amplification
45.33.32.90,192.168.1.218,3724.0,4,89.9,UDP,14.8,udp_flood
10.10.10.137,10.0.0.87,6960.6,1,52.4,TCP,3.3,syn_flood
203.0.113.132,172.16.1.144,2071.2,2,69.5,TCP,8.5,syn_flood
45.33.32.91,10.0.0.237,4982.3,2,2205.9,UDP,30.0,dns_amplification
203.0.113.246,10.0.0.14,3305.1,2,51.4,TCP,6.9,syn_flood
198.51.100.103,10.0.0.157,4497.2,2,65.5,UDP,23.7,udp_flood
45.33.32.21,192.168.1.48,4512.2,2,2551.8,UDP,54.0,dns_amplification
172.16.0.172,172.16.1.44,7480.8,4,43.7,UDP,13.5,udp_flood
10.10.10.186,10.0.0.205,6729.0,4,20.7,UDP,11.6,udp_flood
10.10.10.67,192.168.1.14,26.4,2,55.3,TCP,137.6,slowloris
10.10.10.233,172.16.1.237,2567.4,1,59.9,TCP,7.1,syn_flood
203.0.113.140,10.0.0.45,4013.4,1,3287.2,UDP,56.2,dns_amplification
198.51.100.165,10.0.0.56,5.7,2,27.0,TCP,414.3,slowloris
10.10.10.211,192.168.1.251,1068.1,2,2482.5,UDP,31.6,dns_amplification
10.10.10.229,10.0.0.24,1594.8,1,65.8,UDP,14.8,udp_flood
172.16.0.201,192.168.1.133,26.8,2,35.2,TCP,482.3,slowloris
45.33.32.157,10.0.0.101,22.5,2,51.2,TCP,474.8,slowloris
45.33.32.133,10.0.0.249,1025.0,140,319.3,AH,18.8,protocol_anomaly
198.51.100.22,10.0.0.73,827.9,242,69.5,TCP,2.3,port_scan
10.10.10.73,172.16.1.13,1571.3,123,258.6,IGMP,5.3,protocol_anomaly
203.0.113.187,192.168.1.168,3630.6,2,41.9,TCP,6.7,syn_flood
198.51.100.168,10.0.0.43,2040.0,2,49.3,TCP,4.6,syn_flood
10.10.10.64,10.0.0.117,1969.6,24,475.5,GRE,9.8,protocol_anomaly
198.51.100.10,172.16.1.42,15.4,1,46.7,TCP,186.3,slowloris
45.33.32.44,10.0.0.205,1805.6,138,290.7,GRE,15.7,protocol_anomaly
198.51.100.183,172.16.1.131,12.3,1,22.1,TCP,362.7,slowloris
10.10.10.250,10.0.0.24,5600.2,4,56.4,UDP,7.8,udp_flood
45.33.32.2,192.168.1.96,1206.0,2,3331.4,UDP,40.7,dns_amplification
10.10.10.103,10.0.0.79,247.1,241,51.1,UDP,5.3,port_scan
10.10.10.24,172.16.1.51,486.8,86,116.6,TCP,4.5,port_scan
45.33.32.170,10.0.0.44,6358.9,3,42.8,UDP,30.0,udp_flood
172.16.0.90,10.0.0.148,7312.0,1,86.6,UDP,13.0,udp_flood
203.0.113.21,172.16.1.43,652.3,477,95.7,TCP,8.2,port_scan
172.16.0.106,172.16.1.15,7931.5,1,45.9,UDP,8.6,udp_flood
45.33.32.139,10.0.0.201,3168.5,1,1348.9,UDP,57.1,dns_amplification
198.51.100.199,10.0.0.159,4796.0,2,1314.2,UDP,31.7,dns_amplification
203.0.113.214,10.0.0.236,1048.1,1,3663.8,UDP,48.9,dns_amplification
172.16.0.249,192.168.1.186,13.5,2,21.6,TCP,320.8,slowloris
203.0.113.225,192.168.1.217,2847.5,2,69.3,TCP,4.7,syn_flood
45.33.32.10,172.16.1.20,28.4,1,51.0,TCP,278.6,slowloris
10.10.10.83,172.16.1.189,6313.2,2,61.1,TCP,8.6,syn_flood
203.0.113.139,172.16.1.103,1432.7,2,3919.5,UDP,58.4,dns_amplification
172.16.0.222,192.168.1.146,156.5,118,78.3,TCP,1.9,port_scan
198.51.100.38,172.16.1.208,1934.5,1,21.1,UDP,3.5,udp_flood
172.16.0.38,10.0.0.210,784.2,263,93.1,TCP,12.6,port_scan
172.16.0.188,10.0.0.19,3675.6,2,3304.0,UDP,51.5,dns_amplification
10.10.10.218,10.0.0.72,27.4,1,47.7,TCP,245.4,slowloris
172.16.0.132,10.0.0.59,18.5,1,33.2,TCP,339.1,slowloris
45.33.32.139,172.16.1.198,6078.3,1,72.0,UDP,13.8,udp_flood
203.0.113.51,192.168.1.70,16.0,1,34.2,TCP,405.3,slowloris
203.0.113.127,172.16.1.227,6916.8,2,59.4,UDP,25.8,udp_flood
172.16.0.161,172.16.1.196,694.4,187,112.4,TCP,1.3,port_scan
172.16.0.8,192.168.1.189,3796.6,4,32.1,UDP,17.2,udp_flood
10.10.10.121,192.168.1.197,7.7,2,20.5,TCP,140.4,slowloris
198.51.100.89,192.168.1.193,1505.4,1,1457.6,UDP,11.1,dns_amplification
172.16.0.109,10.0.0.36,1508.2,1,1528.5,UDP,16.1,dns_amplification
203.0.113.53,192.168.1.74,1445.8,1,3911.9,UDP,11.3,dns_amplification
198.51.100.149,10.0.0.175,23.6,1,26.5,TCP,272.7,slowloris
45.33.32.37,10.0.0.4,229.4,100,41.2,TCP,13.4,port_scan
45.33.32.157,10.0.0.141,2788.9,1,31.6,UDP,14.1,udp_flood
198.51.100.134,172.16.1.185,403.7,394,108.6,TCP,5.0,port_scan
45.33.32.82,192.168.1.174,2791.4,35,209.6,ESP,14.9,protocol_anomaly
203.0.113.207,172.16.1.47,735.0,460,66.7,TCP,10.9,port_scan
203.0.113.46,172.16.1.3,3744.0,2,1858.4,UDP,26.8,dns_amplification
198.51.100.191,172.16.1.201,2481.4,1,3136.7,UDP,12.3,dns_amplification
10.10.10.146,192.168.1.245,18.4,2,23.5,TCP,154.9,slowloris
172.16.0.208,10.0.0.98,1583.3,1,2459.7,UDP,46.9,dns_amplification
198.51.100.178,172.16.1.23,19.0,1,32.5,TCP,521.8,slowloris
198.51.100.27,172.16.1.214,2171.7,1,2803.2,UDP,27.7,dns_amplification
45.33.32.94,10.0.0.106,477.5,59,117.3,IGMP,2.6,protocol_anomaly
10.10.10.156,172.16.1.119,1322.7,37,418.6,IGMP,20.1,protocol_anomaly
172.16.0.136,172.16.1.196,460.8,37,117.0,TCP,8.6,port_scan
198.51.100.146,172.16.1.156,1926.1,99,270.1,IGMP,1.1,protocol_anomaly
203.0.113.235,192.168.1.179,1862.8,1,2853.6,UDP,39.1,dns_amplification
198.51.100.203,172.16.1.197,4050.9,1,3505.1,UDP,9.4,dns_amplification
198.51.100.48,172.16.1.225,25.5,2,41.6,TCP,121.0,slowloris
10.10.10.179,172.16.1.32,21.4,1,47.7,TCP,341.4,slowloris
172.16.0.31,192.168.1.136,3794.1,2,77.3,TCP,9.5,syn_flood
45.33.32.226,172.16.1.106,4011.4,2,3377.8,UDP,27.3,dns_amplification
172.16.0.39,172.16.1.80,4531.7,2,2591.3,UDP,26.2,dns_amplification
198.51.100.190,10.0.0.75,5907.0,1,66.5,TCP,7.2,syn_flood
45.33.32.105,192.168.1.22,4184.4,1,1453.7,UDP,12.2,dns_amplification
10.10.10.114,172.16.1.183,3891.8,1,91.9,UDP,27.8,udp_flood
10.10.10.47,172.16.1.218,18.8,1,51.2,TCP,374.1,slowloris
198.51.100.109,192.168.1.151,2460.4,93,341.5,SCTP,11.9,protocol_anomaly
203.0.113.224,192.168.1.175,5105.4,4,46.4,UDP,4.2,udp_flood
10.10.10.219,172.16.1.38,1914.5,7,315.3,IGMP,4.3,protocol_anomaly
203.0.113.177,172.16.1.187,7008.2,1,91.4,UDP,23.8,udp_flood
172.16.0.242,10.0.0.203,801.7,183,104.2,UDP,5.1,port_scan
198.51.100.179,172.16.1.242,236.9,21,440.3,AH,23.7,protocol_anomaly
198.51.100.148,10.0.0.199,2186.3,16,60.2,AH,4.1,protocol_anomaly
198.51.100.129,172.16.1.32,29.7,2,56.2,TCP,328.9,slowloris
198.51.100.144,10.0.0.184,29.9,2,33.9,TCP,575.1,slowloris
10.10.10.166,10.0.0.241,4391.3,1,64.9,TCP,8.9,syn_flood
45.33.32.5,192.168.1.97,2023.9,32,134.3,GRE,5.0,protocol_anomaly
10.10.10.187,10.0.0.171,4661.2,2,2790.5,UDP,41.9,dns_amplification
198.51.100.121,192.168.1.244,5644.5,1,43.7,TCP,6.8,syn_flood
45.33.32.250,10.0.0.185,18.1,1,43.7,TCP,293.7,slowloris
203.0.113.40,10.0.0.175,4441.5,2,52.2,TCP,4.6,syn_flood
198.51.100.125,10.0.0.220,8012.3,1,58.2,TCP,1.9,syn_flood
45.33.32.169,10.0.0.45,695.9,490,81.1,TCP,9.8,port_scan
198.51.100.173,10.0.0.71,1595.2,25,235.2,SCTP,25.4,protocol_anomaly
203.0.113.2,192.168.1.198,4324.2,2,2780.5,UDP,3.8,dns_amplification
198.51.100.23,172.16.1.136,7210.2,1,75.1,TCP,6.6,syn_flood
198.51.100.135,172.16.1.207,21.3,1,25.9,TCP,201.1,slowloris
198.51.100.26,10.0.0.95,645.9,76,77.4,TCP,4.2,port_scan
172.16.0.149,172.16.1.207,7314.4,2,85.6,UDP,7.8,udp_flood
198.51.100.178,172.16.1.100,3609.4,2,43.7,UDP,18.6,udp_flood
172.16.0.225,10.0.0.39,840.5,440,63.8,TCP,3.1,port_scan
45.33.32.252,192.168.1.10,2715.4,2,3745.0,UDP,29.9,dns_amplification
203.0.113.105,192.168.1.85,5857.1,1,75.6,UDP,2.5,udp_flood
45.33.32.106,192.168.1.103,391.8,92,471.0,GRE,7.8,protocol_anomaly
10.10.10.181,10.0.0.195,8653.5,2,55.0,TCP,0.6,syn_flood
203.0.113.77,172.16.1.224,6323.9,1,79.9,UDP,3.3,udp_flood
198.51.100.170,192.168.1.170,4767.8,1,64.6,TCP,7.9,syn_flood
203.0.113.156,172.16.1.235,4352.1,1,61.0,UDP,15.8,udp_flood
198.51.100.146,192.168.1.39,5.3,1,28.0,TCP,507.3,slowloris
172.16.0.132,10.0.0.15,1383.1,1,2455.9,UDP,29.8,dns_amplification
203.0.113.110,192.168.1.138,12.7,1,30.9,TCP,441.8,slowloris
10.10.10.120,10.0.0.185,8795.8,2,57.0,TCP,2.4,syn_flood
45.33.32.32,172.16.1.184,9780.3,2,64.6,TCP,9.5,syn_flood
172.16.0.70,10.0.0.95,78.2,76,60.9,SCTP,25.7,protocol_anomaly
203.0.113.155,10.0.0.167,4556.1,2,50.9,UDP,28.5,udp_flood
45.33.32.222,10.0.0.101,755.8,469,118.8,TCP,11.6,port_scan
10.10.10.75,10.0.0.183,9281.9,2,57.5,TCP,4.8,syn_flood
172.16.0.29,10.0.0.206,7585.7,2,47.5,TCP,3.9,syn_flood
10.10.10.170,172.16.1.109,5600.1,1,53.9,UDP,17.0,udp_flood
10.10.10.16,172.16.1.201,5464.1,2,64.5,UDP,23.9,udp_flood
203.0.113.80,192.168.1.110,27.1,2,51.5,TCP,576.8,slowloris
10.10.10.143,192.168.1.250,3480.1,2,57.1,TCP,4.5,syn_flood
45.33.32.3,172.16.1.75,323.4,441,80.6,TCP,9.5,port_scan
198.51.100.17,10.0.0.2,17.1,1,23.1,TCP,511.3,slowloris
45.33.32.30,192.168.1.154,2049.7,2,1290.9,UDP,11.1,dns_amplification
45.33.32.192,192.168.1.100,7208.8,4,54.0,UDP,3.3,udp_flood
172.16.0.113,172.16.1.72,502.8,227,119.8,UDP,0.5,port_scan
10.10.10.58,10.0.0.130,2767.7,131,265.5,ESP,20.6,protocol_anomaly
203.0.113.196,192.168.1.96,171.8,129,84.8,TCP,11.9,port_scan
198.51.100.68,172.16.1.194,1486.2,1,2887.6,UDP,15.5,dns_amplification
198.51.100.141,172.16.1.82,14.6,1,20.9,TCP,271.5,slowloris
10.10.10.244,192.168.1.29,6112.8,4,42.9,UDP,29.9,udp_flood
10.10.10.186,10.0.0.202,1316.0,2,2944.3,UDP,47.3,dns_amplification
10.10.10.199,192.168.1.66,2030.1,81,293.0,AH,22.8,protocol_anomaly
203.0.113.81,172.16.1.152,9208.7,1,57.3,TCP,4.7,syn_flood
45.33.32.30,10.0.0.154,3453.8,4,46.0,UDP,26.4,udp_flood
172.16.0.169,192.168.1.236,891.4,154,95.4,TCP,7.8,port_scan
10.10.10.97,10.0.0.10,27.6,1,35.2,TCP,370.4,slowloris
45.33.32.45,10.0.0.95,20.8,2,56.2,TCP,219.6,slowloris
172.16.0.70,192.168.1.230,4823.1,2,2516.8,UDP,6.8,dns_amplification
198.51.100.105,172.16.1.240,2334.0,2,1980.7,UDP,19.3,dns_amplification
45.33.32.90,192.168.1.45,3770.9,1,3460.7,UDP,47.6,dns_amplification
172.16.0.4,10.0.0.21,632.5,114,100.7,UDP,1.2,port_scan
203.0.113.239,172.16.1.139,312.7,272,78.3,TCP,2.8,port_scan
198.51.100.203,10.0.0.69,7454.3,3,64.6,UDP,5.4,udp_flood
172.16.0.42,172.16.1.176,3087.9,2,53.1,TCP,8.4,syn_flood
198.51.100.5,10.0.0.95,2928.4,1,72.2,TCP,4.1,syn_flood
203.0.113.64,10.0.0.76,3840.6,3,99.9,UDP,9.2,udp_flood
172.16.0.39,192.168.1.8,3151.9,1,44.6,TCP,9.2,syn_flood
172.16.0.128,192.168.1.107,5079.8,2,25.9,UDP,4.6,udp_flood
203.0.113.57,172.16.1.195,2141.8,1,96.6,UDP,25.6,udp_flood
172.16.0.170,172.16.1.108,2020.1,1,2021.7,UDP,20.5,dns_amplification
172.16.0.45,10.0.0.172,4908.3,2,73.0,UDP,12.1,udp_flood
172.16.0.120,192.168.1.186,1447.1,15,339.2,PIM,29.7,protocol_anomaly
45.33.32.12,172.16.1.19,606.5,491,55.4,TCP,13.2,port_scan
198.51.100.111,192.168.1.66,1641.4,1,3096.1,UDP,22.1,dns_amplification
10.10.10.122,172.16.1.16,7008.7,1,43.5,TCP,1.4,syn_flood
172.16.0.86,192.168.1.249,7251.3,2,61.3,TCP,0.8,syn_flood
10.10.10.11,10.0.0.166,2267.9,4,26.1,UDP,3.5,udp_flood
45.33.32.35,10.0.0.99,4667.6,2,73.8,TCP,6.6,syn_flood
198.51.100.32,172.16.1.69,6106.0,1,30.3,UDP,13.2,udp_flood
45.33.32.246,192.168.1.81,269.8,391,64.4,TCP,2.9,port_scan
172.16.0.83,10.0.0.77,6579.0,1,25.4,UDP,5.8,udp_flood
10.10.10.151,172.16.1.183,3948.4,2,21.9,UDP,24.7,udp_flood
198.51.100.215,172.16.1.21,2933.3,79,237.0,PIM,19.7,protocol_anomaly
198.51.100.147,10.0.0.240,3236.9,2,64.9,TCP,7.2,syn_flood
10.10.10.100,192.168.1.30,19.6,2,47.7,TCP,266.1,slowloris
10.10.10.214,10.0.0.149,1915.2,102,378.5,SCTP,9.8,protocol_anomaly
45.33.32.49,192.168.1.116,8.0,2,56.2,TCP,530.8,slowloris
198.51.100.131,192.168.1.234,3325.2,1,90.3,UDP,4.2,udp_flood
198.51.100.91,192.168.1.249,813.2,229,40.3,TCP,3.8,port_scan
10.10.10.175,192.168.1.113,2425.6,95,463.8,AH,7.0,protocol_anomaly
198.51.100.16,10.0.0.216,1414.7,139,265.8,IGMP,4.2,protocol_anomaly
45.33.32.132,192.168.1.100,1669.7,1,95.7,UDP,4.9,udp_flood
198.51.100.206,172.16.1.75,5727.3,2,64.2,TCP,4.7,syn_flood
45.33.32.117,10.0.0.225,27.7,1,22.2,TCP,205.0,slowloris
198.51.100.184,10.0.0.243,1529.1,142,480.1,PIM,20.3,protocol_anomaly
172.16.0.159,172.16.1.90,1984.1,101,211.8,AH,14.6,protocol_anomaly
172.16.0.88,10.0.0.121,2676.7,148,477.2,ESP,2.1,protocol_anomaly
203.0.113.83,10.0.0.232,1849.9,1,46.6,UDP,15.5,udp_flood
10.10.10.122,10.0.0.66,3024.8,2,22.8,UDP,9.7,udp_flood
172.16.0.246,10.0.0.52,630.9,339,109.6,TCP,6.4,port_scan
172.16.0.220,192.168.1.196,4286.4,1,2111.6,UDP,47.6,dns_amplification
10.10.10.12,172.16.1.249,1144.7,2,2334.8,UDP,49.4,dns_amplification
10.10.10.75,10.0.0.245,4018.6,1,79.4,TCP,5.3,syn_flood
45.33.32.226,192.168.1.112,1252.3,26,99.3,ESP,23.8,protocol_anomaly
45.33.32.182,192.168.1.237,4853.6,1,37.0,UDP,21.8,udp_flood
172.16.0.211,192.168.1.240,269.3,142,46.4,TCP,4.2,port_scan
45.33.32.244,192.168.1.31,2564.9,3,57.8,UDP,23.0,udp_flood
10.10.10.156,10.0.0.84,3731.2,1,3103.1,UDP,23.8,dns_amplification
10.10.10.226,192.168.1.227,732.8,30,104.5,TCP,9.1,port_scan
198.51.100.4,192.168.1.2,6076.6,2,75.1,TCP,1.8,syn_flood
172.16.0.45,10.0.0.247,5899.4,1,51.0,TCP,3.6,syn_flood
172.16.0.49,10.0.0.33,2353.7,1,3448.2,UDP,54.2,dns_amplification
198.51.100.107,10.0.0.243,7015.1,1,65.2,TCP,0.7,syn_flood
45.33.32.173,10.0.0.227,3403.2,4,29.5,UDP,7.3,udp_flood
45.33.32.123,10.0.0.183,2304.8,24,321.8,GRE,1.8,protocol_anomaly
45.33.32.46,10.0.0.73,2905.0,4,296.8,SCTP,29.1,protocol_anomaly
10.10.10.106,172.16.1.169,2439.6,1,2229.1,UDP,50.0,dns_amplification
203.0.113.148,10.0.0.122,8638.2,1,53.5,TCP,1.9,syn_flood
203.0.113.216,10.0.0.192,524.1,141,68.8,TCP,0.9,port_scan
172.16.0.227,10.0.0.189,2318.2,2,67.2,TCP,3.8,syn_flood
198.51.100.96,192.168.1.44,2517.1,63,94.4,PIM,7.1,protocol_anomaly
10.10.10.106,172.16.1.29,1373.4,56,376.0,ESP,22.2,protocol_anomaly
172.16.0.8,192.168.1.61,2005.4,54,179.3,SCTP,16.5,protocol_anomaly
10.10.10.120,10.0.0.85,2304.0,1,2484.3,UDP,21.1,dns_amplification
198.51.100.83,10.0.0.103,3865.9,1,3972.5,UDP,8.9,dns_amplification
203.0.113.213,10.0.0.131,4122.5,4,29.8,UDP,13.0,udp_flood
203.0.113.57,192.168.1.79,28.9,2,51.4,TCP,147.2,slowloris
172.16.0.36,172.16.1.33,8.1,2,29.7,TCP,316.5,slowloris
10.10.10.123,10.0.0.206,5774.2,2,43.3,UDP,21.2,udp_flood
10.10.10.243,172.16.1.89,19.6,1,20.2,TCP,446.9,slowloris
45.33.32.228,172.16.1.86,4820.9,2,55.6,TCP,9.0,syn_flood
10.10.10.209,192.168.1.234,3872.1,2,87.2,UDP,10.5,udp_flood
203.0.113.41,192.168.1.75,100.4,135,463.1,PIM,20.6,protocol_anomaly
203.0.113.203,10.0.0.187,889.2,124,68.1,TCP,2.5,port_scan
10.10.10.167,192.168.1.181,4982.3,2,1822.2,UDP,13.4,dns_amplification
10.10.10.108,172.16.1.102,2735.7,65,93.2,SCTP,26.8,protocol_anomaly
45.33.32.70,192.168.1.198,1852.7,4,94.9,UDP,4.4,udp_flood
45.33.32.170,10.0.0.213,25.2,1,56.8,TCP,171.0,slowloris
45.33.32.122,192.168.1.9,2051.8,41,190.0,ESP,19.9,protocol_anomaly
203.0.113.36,172.16.1.245,4912.3,1,1624.7,UDP,57.5,dns_amplification
45.33.32.54,10.0.0.249,13.2,2,46.5,TCP,181.0,slowloris
198.51.100.77,192.168.1.180,9471.7,1,72.1,TCP,8.2,syn_flood
45.33.32.219,172.16.1.242,1934.0,59,238.0,SCTP,24.1,protocol_anomaly
198.51.100.95,192.168.1.120,4489.5,1,2181.2,UDP,57.1,dns_amplification
45.33.32.71,192.168.1.57,3209.3,1,61.7,TCP,3.3,syn_flood
10.10.10.7,192.168.1.80,2095.4,2,41.1,UDP,29.0,udp_flood
198.51.100.132,192.168.1.21,1950.2,61,280.0,PIM,7.3,protocol_anomaly
172.16.0.189,10.0.0.60,2364.4,2,3365.8,UDP,46.2,dns_amplification
10.10.10.29,10.0.0.113,3291.4,1,58.2,UDP,12.6,udp_flood
203.0.113.225,10.0.0.247,7108.8,1,68.4,TCP,9.5,syn_flood
45.33.32.8,192.168.1.112,8142.6,2,42.1,TCP,7.6,syn_flood
172.16.0.245,10.0.0.22,5896.3,2,71.1,TCP,9.7,syn_flood
45.33.32.203,192.168.1.38,23.2,2,40.5,TCP,290.1,slowloris
198.51.100.152,192.168.1.110,376.5,23,248.8,PIM,8.6,protocol_anomaly
45.33.32.60,10.0.0.218,2431.3,4,25.0,UDP,9.5,udp_flood
198.51.100.37,192.168.1.216,314.8,109,449.8,SCTP,9.2,protocol_anomaly
172.16.0.41,192.168.1.251,7335.4,1,65.6,UDP,21.5,udp_flood
45.33.32.217,192.168.1.145,6836.5,2,59.1,TCP,3.6,syn_flood
45.33.32.32,10.0.0.36,6118.5,2,63.8,TCP,1.8,syn_flood
10.10.10.102,192.168.1.187,103.4,120,172.6,PIM,26.6,protocol_anomaly
10.10.10.48,10.0.0.232,29.0,1,30.9,TCP,159.6,slowloris
172.16.0.42,10.0.0.62,277.2,34,107.1,TCP,5.9,port_scan
172.16.0.77,192.168.1.116,821.7,428,83.0,TCP,7.8,port_scan
45.33.32.174,10.0.0.114,3890.4,1,57.0,TCP,7.6,syn_flood
10.10.10.1,10.0.0.127,13.2,2,28.7,TCP,504.8,slowloris
198.51.100.9,10.0.0.65,1256.9,136,343.5,GRE,20.8,protocol_anomaly
10.10.10.47,172.16.1.159,13.5,1,57.4,TCP,451.4,slowloris
203.0.113.132,10.0.0.102,795.3,494,53.8,TCP,10.0,port_scan
172.16.0.47,192.168.1.121,1564.7,1,20.3,UDP,15.6,udp_flood
203.0.113.62,10.0.0.232,7042.4,2,82.1,UDP,24.1,udp_flood
203.0.113.171,172.16.1.82,22.4,2,56.4,TCP,545.8,slowloris
172.16.0.58,10.0.0.57,21.3,1,40.3,TCP,588.4,slowloris
10.10.10.230,10.0.0.137,6087.6,2,94.5,UDP,12.0,udp_flood
45.33.32.95,192.168.1.204,315.4,145,44.9,TCP,11.1,port_scan
10.10.10.243,10.0.0.212,440.0,38,302.5,GRE,23.2,protocol_anomaly
203.0.113.210,10.0.0.58,1712.0,1,2614.7,UDP,22.0,dns_amplification
198.51.100.122,10.0.0.171,238.2,451,43.2,TCP,1.4,port_scan
10.10.10.149,192.168.1.124,28.1,1,23.8,TCP,256.8,slowloris
10.10.10.233,172.16.1.177,5474.6,1,48.1,TCP,0.9,syn_flood
203.0.113.2,10.0.0.5,2915.7,1,77.8,TCP,2.3,syn_flood
203.0.113.130,192.168.1.249,2531.5,1,51.2,TCP,4.7,syn_flood
10.10.10.59,172.16.1.84,8.6,1,25.4,TCP,120.0,slowloris
172.16.0.20,192.168.1.56,4455.5,2,3365.9,UDP,41.4,dns_amplification
198.51.100.238,10.0.0.140,5530.6,2,31.5,UDP,29.8,udp_flood
10.10.10.95,192.168.1.196,2816.8,60,245.5,IGMP,25.5,protocol_anomaly
45.33.32.45,10.0.0.41,26.3,2,48.2,TCP,264.4,slowloris
172.16.0.248,172.16.1.235,2001.8,124,333.3,IGMP,29.8,protocol_anomaly
198.51.100.166,10.0.0.135,3987.5,4,27.7,UDP,27.1,udp_flood
198.51.100.102,192.168.1.212,7322.6,3,89.3,UDP,4.8,udp_flood
10.10.10.177,172.16.1.199,4375.1,2,2887.9,UDP,26.5,dns_amplification
172.16.0.89,172.16.1.242,599.4,335,107.3,UDP,3.0,port_scan
45.33.32.230,192.168.1.40,2832.6,53,113.1,ESP,6.7,protocol_anomaly
203.0.113.56,192.168.1.147,8323.9,1,64.5,TCP,2.1,syn_flood
198.51.100.86,192.168.1.17,8213.1,1,52.3,TCP,1.9,syn_flood
172.16.0.107,192.168.1.190,259.2,166,65.4,TCP,11.5,port_scan
45.33.32.193,10.0.0.119,15.3,1,40.3,TCP,265.5,slowloris
203.0.113.151,10.0.0.116,2004.1,3,95.8,UDP,3.3,udp_flood
10.10.10.64,172.16.1.109,123.6,15,77.5,IGMP,14.6,protocol_anomaly
45.33.32.31,10.0.0.133,771.8,106,65.2,TCP,8.3,port_scan
198.51.100.75,10.0.0.238,7538.0,1,33.1,UDP,14.8,udp_flood
198.51.100.14,10.0.0.40,898.7,156,76.0,TCP,4.3,port_scan
10.10.10.162,172.16.1.93,858.1,204,78.0,TCP,7.0,port_scan
10.10.10.76,10.0.0.190,6455.1,1,56.2,UDP,2.7,udp_flood
203.0.113.216,10.0.0.248,18.4,1,40.5,TCP,334.5,slowloris
198.51.100.236,192.168.1.17,26.4,2,44.2,TCP,239.2,slowloris
198.51.100.126,172.16.1.77,3927.6,2,2984.9,UDP,38.0,dns_amplification
203.0.113.38,10.0.0.221,1598.8,94,413.2,ESP,14.6,protocol_anomaly
198.51.100.31,10.0.0.208,2288.6,4,29.6,UDP,29.8,udp_flood
45.33.32.204,192.168.1.86,494.6,5,341.1,GRE,14.8,protocol_anomaly
10.10.10.199,192.168.1.105,5.7,1,21.9,TCP,414.1,slowloris
10.10.10.175,10.0.0.146,398.5,140,322.0,ESP,2.7,protocol_anomaly
45.33.32.209,192.168.1.175,3895.6,2,79.7,TCP,1.0,syn_flood
45.33.32.186,192.168.1.51,5583.2,2,76.1,TCP,2.9,syn_flood
172.16.0.241,192.168.1.249,8743.7,1,70.8,TCP,1.8,syn_flood
45.33.32.69,192.168.1.99,7442.9,1,41.3,TCP,4.0,syn_flood
203.0.113.189,192.168.1.153,663.8,41,407.4,ESP,24.0,protocol_anomaly
10.10.10.105,172.16.1.116,16.4,1,36.6,TCP,206.4,slowloris
203.0.113.131,192.168.1.63,2728.8,2,1379.3,UDP,43.8,dns_amplification
203.0.113.164,10.0.0.227,9393.9,1,64.5,TCP,2.8,syn_flood
203.0.113.226,10.0.0.151,6310.8,3,45.8,UDP,4.9,udp_flood
172.16.0.143,172.16.1.97,3928.9,4,47.2,UDP,12.8,udp_flood
45.33.32.168,10.0.0.44,26.8,1,23.0,TCP,463.5,slowloris
203.0.113.234,172.16.1.64,2677.8,26,290.7,IGMP,8.7,protocol_anomaly
10.10.10.203,192.168.1.210,4536.4,1,1406.4,UDP,27.4,dns_amplification
172.16.0.67,10.0.0.166,1625.6,2,2311.2,UDP,46.7,dns_amplification
198.51.100.236,192.168.1.83,549.5,358,70.7,TCP,14.7,port_scan
10.10.10.232,10.0.0.136,7091.4,2,67.9,UDP,18.8,udp_flood
45.33.32.211,10.0.0.150,19.5,1,54.5,TCP,285.2,slowloris
203.0.113.165,10.0.0.81,28.0,2,20.5,TCP,519.2,slowloris
198.51.100.37,172.16.1.224,3568.2,1,2764.9,UDP,10.7,dns_amplification
10.10.10.238,10.0.0.111,517.2,240,51.0,TCP,11.5,port_scan
172.16.0.133,10.0.0.161,7443.2,1,67.2,TCP,4.7,syn_flood
172.16.0.241,172.16.1.100,2435.7,3,87.8,UDP,27.8,udp_flood
45.33.32.46,192.168.1.104,5.6,1,33.9,TCP,395.0,slowloris
10.10.10.72,10.0.0.157,422.6,378,73.0,TCP,9.2,port_scan
10.10.10.13,172.16.1.55,4440.7,1,1717.4,UDP,10.0,dns_amplification
198.51.100.63,10.0.0.110,8.9,2,46.0,TCP,406.8,slowloris
203.0.113.11,192.168.1.210,1767.6,2,22.6,UDP,29.5,udp_flood
198.51.100.12,172.16.1.247,13.0,1,51.2,TCP,203.4,slowloris
10.10.10.197,10.0.0.210,4466.7,4,64.9,UDP,8.7,udp_flood
198.51.100.55,172.16.1.87,591.2,71,54.3,UDP,8.3,port_scan
203.0.113.195,172.16.1.192,422.7,49,75.5,PIM,2.0,protocol_anomaly
203.0.113.242,172.16.1.239,1865.5,1,1600.4,UDP,33.6,dns_amplification
172.16.0.125,172.16.1.61,7.8,1,29.3,TCP,274.6,slowloris
10.10.10.121,172.16.1.30,5344.2,1,25.8,UDP,20.0,udp_flood
172.16.0.10,192.168.1.229,957.7,39,83.0,GRE,20.2,protocol_anomaly
172.16.0.171,192.168.1.153,4702.7,2,85.1,UDP,22.3,udp_flood
203.0.113.136,10.0.0.173,2825.5,1,2558.1,UDP,58.7,dns_amplification
203.0.113.220,10.0.0.162,1681.1,61,296.9,IGMP,27.8,protocol_anomaly
172.16.0.133,192.168.1.37,1777.8,2,2537.1,UDP,36.9,dns_amplification
198.51.100.157,172.16.1.209,8113.6,2,76.4,TCP,4.3,syn_flood
45.33.32.54,192.168.1.223,6768.4,2,68.4,UDP,29.7,udp_flood
172.16.0.11,172.16.1.5,7968.7,1,72.4,TCP,6.6,syn_flood
203.0.113.144,172.16.1.196,7125.2,1,93.6,UDP,25.7,udp_flood
45.33.32.31,192.168.1.225,556.3,195,113.9,TCP,11.3,port_scan
45.33.32.22,192.168.1.58,565.1,55,81.4,TCP,13.7,port_scan
203.0.113.123,192.168.1.243,9775.5,1,64.6,TCP,9.9,syn_flood
172.16.0.117,192.168.1.23,4571.9,2,3488.6,UDP,21.2,dns_amplification
172.16.0.131,172.16.1.192,22.8,1,50.9,TCP,512.0,slowloris
45.33.32.173,192.168.1.13,745.1,42,202.5,PIM,11.5,protocol_anomaly
10.10.10.91,172.16.1.89,508.8,38,86.3,TCP,14.0,port_scan
203.0.113.134,10.0.0.72,1549.1,39,268.8,GRE,5.0,protocol_anomaly
10.10.10.113,192.168.1.147,619.4,27,100.3,TCP,12.2,port_scan
198.51.100.172,10.0.0.8,1870.5,98,121.7,PIM,15.0,protocol_anomaly
10.10.10.132,172.16.1.186,4265.5,2,2001.6,UDP,39.4,dns_amplification
203.0.113.96,192.168.1.108,6.7,2,54.6,TCP,451.9,slowloris
172.16.0.129,192.168.1.92,6447.6,4,20.7,UDP,19.7,udp_flood
198.51.100.234,192.168.1.233,10.6,2,48.4,TCP,337.2,slowloris
203.0.113.247,172.16.1.31,24.3,1,20.8,TCP,150.8,slowloris
10.10.10.163,192.168.1.156,5750.5,4,82.6,UDP,26.1,udp_flood
198.51.100.231,10.0.0.123,21.3,2,25.9,TCP,352.0,slowloris
203.0.113.26,172.16.1.231,9502.7,2,43.2,TCP,8.9,syn_flood
198.51.100.104,10.0.0.202,401.1,46,97.4,UDP,11.5,port_scan
45.33.32.62,172.16.1.245,2872.6,1,48.8,TCP,2.1,syn_flood
45.33.32.43,172.16.1.45,5379.2,4,37.1,UDP,16.9,udp_flood
10.10.10.53,10.0.0.124,803.2,293,53.9,UDP,11.0,port_scan
172.16.0.108,172.16.1.135,403.1,288,81.8,TCP,4.4,port_scan
198.51.100.64,10.0.0.102,3058.2,2,52.3,TCP,8.6,syn_flood
45.33.32.135,192.168.1.87,893.2,472,112.7,TCP,4.8,port_scan
198.51.100.100,10.0.0.9,22.2,1,56.7,TCP,329.1,slowloris
203.0.113.248,10.0.0.9,491.6,445,56.3,TCP,0.9,port_scan
203.0.113.87,192.168.1.105,789.4,258,52.4,TCP,12.8,port_scan
172.16.0.235,172.16.1.74,12.5,2,40.7,TCP,348.0,slowloris
198.51.100.175,10.0.0.19,16.0,1,55.5,TCP,214.7,slowloris
45.33.32.249,172.16.1.74,733.5,28,48.7,TCP,13.9,port_scan
203.0.113.111,172.16.1.64,1172.7,9,198.8,GRE,7.4,protocol_anomaly
45.33.32.146,172.16.1.74,5609.4,1,50.1,UDP,19.6,udp_flood
198.51.100.158,172.16.1.144,152.5,278,46.1,TCP,14.0,port_scan
198.51.100.22,10.0.0.174,232.9,58,298.2,SCTP,14.3,protocol_anomaly
172.16.0.238,192.168.1.88,4223.4,1,69.5,UDP,18.9,udp_flood
198.51.100.39,172.16.1.106,14.7,1,47.6,TCP,126.6,slowloris
198.51.100.18,10.0.0.149,4095.4,2,3169.1,UDP,14.8,dns_amplification
203.0.113.208,10.0.0.59,1979.7,54,478.4,ESP,26.8,protocol_anomaly
45.33.32.64,10.0.0.118,19.1,1,34.2,TCP,459.1,slowloris
198.51.100.149,192.168.1.123,3464.9,1,39.0,UDP,27.0,udp_flood
203.0.113.39,192.168.1.40,4613.7,2,3072.5,UDP,21.8,dns_amplification
172.16.0.251,192.168.1.139,6615.2,3,40.2,UDP,11.2,udp_flood
172.16.0.100,172.16.1.228,5505.4,2,66.9,TCP,1.3,syn_flood
198.51.100.43,172.16.1.134,3662.3,1,1649.7,UDP,43.7,dns_amplification
10.10.10.146,10.0.0.166,2894.9,35,201.7,IGMP,20.4,protocol_anomaly
203.0.113.245,10.0.0.157,388.5,118,244.0,AH,17.0,protocol_anomaly
172.16.0.161,172.16.1.147,27.1,2,39.2,TCP,159.5,slowloris
172.16.0.231,192.168.1.13,696.1,441,46.2,TCP,5.2,port_scan
203.0.113.242,192.168.1.243,26.3,1,41.8,TCP,172.1,slowloris
198.51.100.115,10.0.0.184,697.0,62,81.1,TCP,5.1,port_scan
198.51.100.248,172.16.1.189,5949.0,3,84.2,UDP,20.8,udp_flood
198.51.100.3,192.168.1.36,7290.4,3,81.6,UDP,4.3,udp_flood
45.33.32.67,192.168.1.56,776.7,116,70.0,TCP,4.1,port_scan
198.51.100.44,192.168.1.145,5219.0,2,75.0,TCP,6.0,syn_flood
45.33.32.5,10.0.0.163,3437.3,3,78.7,UDP,2.9,udp_flood
10.10.10.71,10.0.0.133,9882.0,1,73.0,TCP,2.5,syn_flood
10.10.10.66,10.0.0.21,3413.0,2,48.6,UDP,23.5,udp_flood
10.10.10.31,172.16.1.218,16.4,1,40.2,TCP,430.4,slowloris
203.0.113.136,192.168.1.157,9.2,2,26.1,TCP,375.7,slowloris
198.51.100.164,172.16.1.44,196.7,347,101.5,TCP,5.7,port_scan
45.33.32.90,192.168.1.141,2994.9,129,59.8,ESP,24.0,protocol_anomaly
172.16.0.25,10.0.0.84,876.5,467,102.3,TCP,2.8,port_scan
10.10.10.6,172.16.1.83,849.5,136,86.3,TCP,2.0,port_scan
10.10.10.55,192.168.1.234,4021.5,2,2197.9,UDP,52.2,dns_amplification
172.16.0.192,10.0.0.105,409.6,127,101.4,TCP,11.3,port_scan
45.33.32.172,192.168.1.148,10.2,1,59.6,TCP,545.4,slowloris
172.16.0.141,172.16.1.38,731.2,421,89.3,TCP,1.1,port_scan
198.51.100.192,172.16.1.245,6445.8,1,47.1,UDP,10.0,udp_flood
172.16.0.79,10.0.0.143,3017.5,1,2925.0,UDP,34.0,dns_amplification
10.10.10.15,172.16.1.150,1614.1,2,2351.6,UDP,30.0,dns_amplification
45.33.32.178,172.16.1.162,2530.0,53,52.4,IGMP,24.6,protocol_anomaly
172.16.0.224,192.168.1.101,23.3,2,31.8,TCP,483.4,slowloris
172.16.0.84,192.168.1.70,842.1,345,97.5,TCP,10.9,port_scan
10.10.10.57,192.168.1.154,458.1,466,47.8,TCP,13.9,port_scan
10.10.10.252,172.16.1.2,2356.7,2,3899.9,UDP,6.0,dns_amplification
198.51.100.170,10.0.0.205,228.8,249,65.5,TCP,8.0,port_scan
10.10.10.147,10.0.0.61,2481.1,1,1668.3,UDP,44.0,dns_amplification
198.51.100.219,192.168.1.219,476.3,141,90.1,TCP,8.2,port_scan
45.33.32.129,10.0.0.12,4603.9,3,78.5,UDP,10.7,udp_flood
198.51.100.4,172.16.1.93,700.3,96,269.3,PIM,5.8,protocol_anomaly
172.16.0.18,192.168.1.178,9757.9,1,53.0,TCP,2.2,syn_flood
172.16.0.96,172.16.1.3,894.1,222,43.2,UDP,3.7,port_scan
10.10.10.40,10.0.0.105,330.6,468,97.5,TCP,4.6,port_scan
203.0.113.89,192.168.1.61,7218.2,1,63.0,TCP,6.1,syn_flood
10.10.10.221,192.168.1.121,5401.7,2,64.6,TCP,5.7,syn_flood
203.0.113.207,172.16.1.193,2882.9,1,85.2,UDP,21.0,udp_flood
203.0.113.60,10.0.0.172,2063.4,2,50.3,TCP,9.8,syn_flood
203.0.113.17,192.168.1.219,692.6,53,91.9,TCP,1.4,port_scan
172.16.0.198,192.168.1.180,26.3,2,28.6,TCP,299.3,slowloris
172.16.0.249,172.16.1.143,3594.2,2,89.5,UDP,5.2,udp_flood
172.16.0.220,172.16.1.11,19.6,2,29.7,TCP,578.2,slowloris
198.51.100.227,10.0.0.134,18.4,1,52.2,TCP,264.7,slowloris
198.51.100.11,10.0.0.45,701.7,286,113.3,TCP,9.1,port_scan
203.0.113.189,192.168.1.54,6640.1,1,49.2,TCP,3.6,syn_flood
198.51.100.23,172.16.1.81,589.1,296,101.0,TCP,6.8,port_scan
45.33.32.149,10.0.0.191,2571.9,145,235.4,AH,9.2,protocol_anomaly
45.33.32.230,192.168.1.221,3122.4,2,2955.0,UDP,18.0,dns_amplification
198.51.100.148,10.0.0.157,303.9,128,93.7,AH,16.3,protocol_anomaly
203.0.113.33,192.168.1.201,2089.6,2,73.7,TCP,9.3,syn_flood
10.10.10.112,10.0.0.89,2069.1,126,64.2,SCTP,26.2,protocol_anomaly
45.33.32.79,172.16.1.126,4404.9,1,2159.7,UDP,13.7,dns_amplification
198.51.100.7,10.0.0.210,5804.6,2,66.8,UDP,22.2,udp_flood
45.33.32.196,192.168.1.95,8567.7,2,48.9,TCP,5.4,syn_flood
10.10.10.207,192.168.1.216,312.1,406,113.7,UDP,8.3,port_scan
203.0.113.93,10.0.0.6,4238.6,2,3042.2,UDP,45.7,dns_amplification
203.0.113.134,172.16.1.167,4610.6,2,43.3,TCP,5.9,syn_flood
203.0.113.118,10.0.0.26,6543.1,1,46.4,TCP,7.5,syn_flood
10.10.10.58,192.168.1.113,509.8,22,41.6,TCP,14.0,port_scan
45.33.32.185,172.16.1.112,1985.9,2,3445.5,UDP,39.5,dns_amplification
203.0.113.7,192.168.1.209,4893.7,1,72.5,UDP,12.2,udp_flood
198.51.100.224,172.16.1.54,516.9,155,91.6,TCP,3.9,port_scan
198.51.100.227,192.168.1.10,3017.5,2,1361.9,UDP,38.5,dns_amplification
198.51.100.54,10.0.0.72,3985.0,2,1438.7,UDP,8.2,dns_amplification
172.16.0.221,192.168.1.248,237.2,333,66.0,TCP,10.6,port_scan
10.10.10.176,10.0.0.239,608.5,135,89.6,TCP,12.1,port_scan
203.0.113.13,172.16.1.197,25.2,2,48.1,TCP,165.1,slowloris
203.0.113.242,10.0.0.36,714.5,104,88.6,TCP,6.1,port_scan
172.16.0.123,172.16.1.50,1551.4,2,1818.7,UDP,28.3,dns_amplification
45.33.32.131,192.168.1.224,9543.1,1,78.8,TCP,2.6,syn_flood
203.0.113.93,192.168.1.63,6625.7,2,54.1,TCP,4.5,syn_flood
203.0.113.253,10.0.0.80,21.7,1,39.6,TCP,381.4,slowloris
198.51.100.119,192.168.1.58,5697.0,2,25.4,UDP,4.2,udp_flood
203.0.113.160,192.168.1.239,21.2,2,38.0,TCP,547.6,slowloris
10.10.10.98,172.16.1.79,2588.2,2,2744.4,UDP,16.3,dns_amplification
172.16.0.173,10.0.0.40,21.3,1,23.0,TCP,167.5,slowloris
45.33.32.155,10.0.0.48,1383.6,2,1663.2,UDP,11.3,dns_amplification
198.51.100.89,10.0.0.117,548.3,52,79.1,TCP,14.5,port_scan
172.16.0.141,10.0.0.104,577.6,49,75.5,TCP,13.4,port_scan
198.51.100.236,172.16.1.193,6.5,1,57.1,TCP,337.0,slowloris
198.51.100.77,192.168.1.181,611.2,479,82.8,TCP,0.5,port_scan
10.10.10.34,192.168.1.124,4088.6,2,55.2,TCP,4.7,syn_flood
172.16.0.19,10.0.0.86,9.2,2,25.7,TCP,524.3,slowloris
10.10.10.5,192.168.1.122,5370.5,1,90.3,UDP,10.6,udp_flood
198.51.100.154,192.168.1.28,15.8,2,26.1,TCP,165.5,slowloris
45.33.32.209,192.168.1.136,2263.4,1,2773.1,UDP,15.3,dns_amplification
45.33.32.139,172.16.1.184,6123.1,2,75.5,TCP,9.6,syn_flood
172.16.0.161,192.168.1.243,9.0,1,41.8,TCP,517.1,slowloris
172.16.0.186,172.16.1.36,5169.7,2,91.5,UDP,18.7,udp_flood
203.0.113.69,10.0.0.36,3628.2,1,3115.1,UDP,54.2,dns_amplification
203.0.113.113,192.168.1.251,7.4,2,52.6,TCP,222.7,slowloris
10.10.10.65,10.0.0.3,3427.9,2,2574.2,UDP,42.0,dns_amplification
10.10.10.182,192.168.1.13,5619.0,2,62.1,TCP,5.1,syn_flood
198.51.100.125,172.16.1.112,474.5,100,398.6,ESP,18.1,protocol_anomaly
203.0.113.135,10.0.0.251,17.8,1,37.3,TCP,241.1,slowloris
45.33.32.6,192.168.1.145,982.2,78,492.2,IGMP,3.9,protocol_anomaly
45.33.32.96,10.0.0.119,260.5,435,51.5,TCP,6.9,port_scan
198.51.100.37,10.0.0.89,4389.7,1,80.3,UDP,8.9,udp_flood
203.0.113.90,172.16.1.246,187.5,102,396.1,IGMP,7.4,protocol_anomaly
203.0.113.156,172.16.1.5,5843.4,4,33.9,UDP,13.7,udp_flood
203.0.113.21,172.16.1.252,10.6,1,27.7,TCP,413.7,slowloris
10.10.10.102,172.16.1.181,25.6,2,41.8,TCP,382.8,slowloris
45.33.32.211,10.0.0.37,226.8,21,115.9,TCP,6.9,port_scan
203.0.113.167,10.0.0.122,3772.4,2,57.4,TCP,9.5,syn_flood
45.33.32.48,192.168.1.11,22.7,2,41.9,TCP,318.0,slowloris
203.0.113.211,172.16.1.15,539.6,117,78.0,GRE,6.7,protocol_anomaly
203.0.113.116,172.16.1.236,417.2,28,64.2,TCP,10.5,port_scan
198.51.100.151,10.0.0.163,192.1,257,113.5,TCP,4.8,port_scan
10.10.10.105,10.0.0.219,185.5,191,44.8,TCP,3.4,port_scan
10.10.10.29,192.168.1.221,2748.1,141,325.6,ESP,18.9,protocol_anomaly
45.33.32.186,192.168.1.138,3155.0,2,51.7,TCP,2.8,syn_flood
203.0.113.61,172.16.1.181,4543.1,2,2704.4,UDP,57.5,dns_amplification
203.0.113.48,172.16.1.171,619.2,316,61.6,TCP,12.7,port_scan
45.33.32.45,192.168.1.213,1253.6,1,1907.6,UDP,40.2,dns_amplification
203.0.113.131,10.0.0.253,9144.9,1,61.8,TCP,9.2,syn_flood
203.0.113.184,10.0.0.98,320.7,38,318.0,PIM,10.8,protocol_anomaly
203.0.113.109,192.168.1.184,3609.0,1,1413.3,UDP,7.9,dns_amplification
198.51.100.175,10.0.0.7,710.6,332,58.4,TCP,12.4,port_scan
45.33.32.151,172.16.1.166,5722.7,2,76.0,TCP,3.2,syn_flood
45.33.32.75,172.16.1.174,10.9,2,27.3,TCP,571.8,slowloris
10.10.10.81,172.16.1.221,5681.4,4,26.3,UDP,2.4,udp_flood
45.33.32.136,172.16.1.107,2141.9,2,65.0,TCP,8.8,syn_flood
198.51.100.143,192.168.1.42,3011.3,4,58.0,UDP,17.8,udp_flood
172.16.0.87,172.16.1.231,9744.3,2,69.4,TCP,3.9,syn_flood
172.16.0.60,10.0.0.202,1419.0,2,3321.8,UDP,49.9,dns_amplification
198.51.100.110,172.16.1.98,2698.6,2,2230.4,UDP,33.2,dns_amplification
45.33.32.25,192.168.1.9,7055.4,1,81.9,UDP,16.8,udp_flood
203.0.113.14,192.168.1.43,1163.2,32,202.7,GRE,10.5,protocol_anomaly
203.0.113.14,192.168.1.60,6.3,2,21.9,TCP,422.6,slowloris
203.0.113.92,172.16.1.159,4402.2,2,44.4,TCP,6.8,syn_flood
198.51.100.86,192.168.1.130,5645.1,2,66.3,UDP,26.2,udp_flood
198.51.100.250,172.16.1.217,680.2,90,355.2,GRE,11.4,protocol_anomaly
203.0.113.206,192.168.1.1,228.3,168,60.8,UDP,2.5,port_scan
172.16.0.41,172.16.1.171,3029.0,3,53.4,UDP,10.3,udp_flood
198.51.100.73,192.168.1.202,3408.4,1,3833.7,UDP,33.1,dns_amplification
172.16.0.37,10.0.0.187,7552.9,1,75.8,UDP,17.0,udp_flood
198.51.100.7,10.0.0.178,1433.3,90,376.2,SCTP,25.4,protocol_anomaly
45.33.32.165,10.0.0.90,3456.5,1,69.9,UDP,26.0,udp_flood
198.51.100.52,172.16.1.236,4406.0,1,75.6,UDP,19.8,udp_flood
203.0.113.26,192.168.1.124,835.2,395,85.6,TCP,13.1,port_scan
45.33.32.72,172.16.1.21,2248.2,124,144.6,PIM,12.8,protocol_anomaly
203.0.113.145,10.0.0.66,1858.1,1,77.9,UDP,27.6,udp_flood
198.51.100.130,10.0.0.86,18.3,2,51.8,TCP,491.3,slowloris
198.51.100.185,172.16.1.253,1494.8,1,2224.8,UDP,59.7,dns_amplification
172.16.0.62,172.16.1.134,26.4,1,25.1,TCP,226.7,slowloris
45.33.32.62,172.16.1.229,19.3,2,39.9,TCP,121.2,slowloris
198.51.100.189,10.0.0.57,2119.2,39,100.1,AH,21.7,protocol_anomaly
10.10.10.53,172.16.1.26,883.1,135,85.7,TCP,15.0,port_scan
203.0.113.175,192.168.1.31,12.5,1,37.4,TCP,518.1,slowloris
203.0.113.230,10.0.0.134,4998.9,4,70.6,UDP,7.3,udp_flood
45.33.32.90,10.0.0.71,4929.1,2,2344.6,UDP,52.9,dns_amplification
203.0.113.134,10.0.0.204,3088.5,1,40.3,TCP,6.2,syn_flood
45.33.32.9,192.168.1.161,10.2,2,40.2,TCP,239.0,slowloris
10.10.10.115,192.168.1.86,1612.9,1,60.5,UDP,7.0,udp_flood
10.10.10.20,172.16.1.122,4895.7,1,65.9,TCP,8.4,syn_flood
10.10.10.88,10.0.0.95,2971.8,2,1684.9,UDP,10.9,dns_amplification
198.51.100.154,172.16.1.83,1343.3,1,2505.4,UDP,59.6,dns_amplification
203.0.113.144,192.168.1.165,2986.8,2,2934.1,UDP,37.1,dns_amplification
45.33.32.65,10.0.0.253,5042.5,1,68.3,TCP,8.2,syn_flood
172.16.0.117,10.0.0.157,4793.1,2,1541.3,UDP,44.3,dns_amplification
45.33.32.4,192.168.1.133,6103.1,2,57.4,TCP,7.6,syn_flood
45.33.32.125,172.16.1.60,1095.8,1,2798.4,UDP,14.2,dns_amplification
10.10.10.54,172.16.1.147,28.2,2,37.4,TCP,277.2,slowloris
203.0.113.215,10.0.0.31,393.5,439,113.3,UDP,8.9,port_scan
10.10.10.247,172.16.1.175,3274.6,4,29.7,UDP,20.1,udp_flood
203.0.113.200,172.16.1.180,4541.4,2,2112.3,UDP,18.0,dns_amplification
203.0.113.248,172.16.1.245,1240.8,1,1715.5,UDP,18.5,dns_amplification
172.16.0.86,192.168.1.68,2392.6,1,1724.1,UDP,20.6,dns_amplification
10.10.10.216,10.0.0.25,2493.4,34,397.8,SCTP,6.9,protocol_anomaly
172.16.0.118,192.168.1.82,5045.2,2,70.5,TCP,4.2,syn_flood
198.51.100.203,192.168.1.130,3481.1,1,50.4,UDP,17.4,udp_flood
198.51.100.200,172.16.1.216,3673.1,1,1288.7,UDP,22.5,dns_amplification
45.33.32.56,172.16.1.158,467.8,317,91.2,TCP,4.7,port_scan
172.16.0.178,10.0.0.22,4706.0,2,3700.1,UDP,32.2,dns_amplification
172.16.0.193,192.168.1.194,164.9,21,77.5,TCP,14.5,port_scan
198.51.100.144,172.16.1.102,660.9,115,85.4,ESP,23.9,protocol_anomaly
172.16.0.62,192.168.1.167,2070.5,11,492.5,ESP,18.8,protocol_anomaly
172.16.0.44,172.16.1.184,281.1,171,78.0,UDP,2.9,port_scan
203.0.113.184,172.16.1.214,220.9,283,44.9,TCP,5.4,port_scan
45.33.32.26,192.168.1.227,584.4,431,99.0,UDP,5.0,port_scan
45.33.32.244,192.168.1.48,21.7,1,35.5,TCP,207.9,slowloris
172.16.0.213,172.16.1.66,26.1,2,42.4,TCP,229.6,slowloris
203.0.113.170,10.0.0.9,20.9,1,25.2,TCP,179.2,slowloris
198.51.100.36,172.16.1.68,2010.9,2,94.6,UDP,14.0,udp_flood
10.10.10.157,192.168.1.120,4430.8,2,1684.8,UDP,20.4,dns_amplification
45.33.32.82,10.0.0.80,2173.0,3,63.8,UDP,18.7,udp_flood
203.0.113.6,192.168.1.225,8.7,2,38.6,TCP,400.0,slowloris
172.16.0.42,192.168.1.37,680.0,41,94.9,TCP,11.9,port_scan
10.10.10.159,192.168.1.175,4013.8,1,2021.9,UDP,26.2,dns_amplification
198.51.100.123,192.168.1.49,20.4,2,58.7,TCP,350.0,slowloris
10.10.10.184,192.168.1.14,4156.6,1,50.6,TCP,4.5,syn_flood
203.0.113.85,172.16.1.249,4033.6,1,79.4,TCP,6.4,syn_flood
203.0.113.70,10.0.0.146,7864.5,2,64.1,UDP,22.0,udp_flood
10.10.10.190,172.16.1.168,2440.2,1,2421.6,UDP,54.3,dns_amplification
203.0.113.244,172.16.1.55,6407.1,2,80.6,UDP,6.3,udp_flood
198.51.100.104,172.16.1.44,647.6,51,259.5,IGMP,9.0,protocol_anomaly
198.51.100.9,10.0.0.212,8189.9,2,77.8,TCP,4.7,syn_flood
172.16.0.36,10.0.0.47,2566.6,2,67.9,TCP,5.0,syn_flood
45.33.32.200,172.16.1.11,563.4,254,60.0,TCP,12.1,port_scan
203.0.113.25,192.168.1.120,6371.0,2,64.6,TCP,7.9,syn_flood
172.16.0.89,192.168.1.163,11.2,2,52.1,TCP,159.5,slowloris
198.51.100.170,10.0.0.226,12.5,1,47.4,TCP,428.3,slowloris
203.0.113.152,10.0.0.217,917.0,125,441.6,IGMP,20.9,protocol_anomaly
203.0.113.208,10.0.0.64,8483.2,2,69.3,TCP,7.9,syn_flood
203.0.113.23,192.168.1.233,1048.7,70,189.9,GRE,29.1,protocol_anomaly
198.51.100.8,10.0.0.64,750.2,117,66.9,TCP,4.7,port_scan
203.0.113.228,172.16.1.114,2801.0,2,44.6,UDP,5.2,udp_flood
45.33.32.150,192.168.1.200,1818.7,143,397.4,IGMP,27.3,protocol_anomaly
10.10.10.72,192.168.1.99,2659.3,2,1378.0,UDP,33.0,dns_amplification
172.16.0.108,192.168.1.75,623.3,142,212.9,AH,10.8,protocol_anomaly
10.10.10.118,192.168.1.204,812.4,459,94.1,TCP,7.7,port_scan
45.33.32.222,10.0.0.122,5649.2,1,62.7,TCP,4.2,syn_flood
203.0.113.151,172.16.1.39,207.0,246,72.9,TCP,1.9,port_scan
198.51.100.113,10.0.0.242,1482.6,2,3807.5,UDP,37.2,dns_amplification
45.33.32.130,10.0.0.169,3390.0,1,20.6,UDP,18.5,udp_flood
45.33.32.113,10.0.0.203,29.5,1,26.5,TCP,578.1,slowloris
10.10.10.178,172.16.1.229,5563.7,1,57.4,UDP,24.3,udp_flood
45.33.32.252,10.0.0.73,678.1,42,119.3,TCP,1.9,port_scan
10.10.10.61,10.0.0.90,1142.5,48,194.7,AH,25.8,protocol_anomaly
172.16.0.146,172.16.1.2,880.6,328,116.8,UDP,9.3,port_scan
198.51.100.95,172.16.1.216,19.2,2,26.4,TCP,507.0,slowloris
172.16.0.169,10.0.0.56,2808.3,2,3392.1,UDP,41.2,dns_amplification
203.0.113.144,172.16.1.179,25.8,1,51.1,TCP,135.1,slowloris
45.33.32.76,192.168.1.188,3445.4,2,56.9,TCP,8.6,syn_flood
10.10.10.139,192.168.1.36,5840.3,2,56.4,TCP,7.4,syn_flood
45.33.32.116,192.168.1.106,788.1,305,44.0,TCP,14.4,port_scan
172.16.0.32,172.16.1.127,6.7,1,38.9,TCP,253.3,slowloris
10.10.10.193,172.16.1.152,595.7,370,115.6,UDP,1.5,port_scan
10.10.10.54,172.16.1.95,2922.2,2,61.7,TCP,4.5,syn_flood
172.16.0.13,10.0.0.59,305.7,135,478.4,GRE,20.6,protocol_anomaly
45.33.32.32,192.168.1.186,2285.3,1,70.6,TCP,5.6,syn_flood
10.10.10.123,10.0.0.125,2012.2,70,381.4,PIM,23.5,protocol_anomaly
172.16.0.163,10.0.0.191,1692.8,1,1512.8,UDP,50.8,dns_amplification
172.16.0.163,10.0.0.216,5701.8,1,72.8,TCP,5.8,syn_flood
10.10.10.118,10.0.0.153,2839.1,94,178.2,SCTP,19.6,protocol_anomaly
203.0.113.188,192.168.1.5,20.7,1,31.4,TCP,411.6,slowloris
172.16.0.247,172.16.1.97,4688.0,2,55.4,TCP,2.1,syn_flood
203.0.113.170,192.168.1.101,9144.5,1,49.4,TCP,7.9,syn_flood
198.51.100.23,192.168.1.40,1185.1,60,237.1,IGMP,16.5,protocol_anomaly
10.10.10.26,192.168.1.232,3989.0,2,64.6,TCP,5.1,syn_flood
198.51.100.19,10.0.0.191,9258.4,2,74.4,TCP,3.6,syn_flood
203.0.113.167,10.0.0.73,573.3,350,77.9,UDP,11.7,port_scan
172.16.0.7,172.16.1.41,403.2,293,94.1,TCP,2.4,port_scan
198.51.100.11,192.168.1.74,5780.3,2,60.7,UDP,20.1,udp_flood
45.33.32.51,10.0.0.247,208.9,489,94.6,TCP,9.1,port_scan
198.51.100.41,10.0.0.148,1173.4,121,88.8,SCTP,9.9,protocol_anomaly
198.51.100.21,192.168.1.35,406.9,103,217.1,PIM,6.5,protocol_anomaly
172.16.0.145,172.16.1.153,20.4,2,37.9,TCP,428.7,slowloris
172.16.0.125,192.168.1.248,1681.5,101,298.2,GRE,16.3,protocol_anomaly
172.16.0.71,10.0.0.102,886.1,439,49.4,TCP,9.3,port_scan
203.0.113.118,192.168.1.26,361.0,206,98.5,TCP,9.2,port_scan
10.10.10.94,172.16.1.111,4543.2,1,88.6,UDP,22.5,udp_flood
172.16.0.224,172.16.1.30,179.8,235,100.7,TCP,13.9,port_scan
10.10.10.73,10.0.0.186,7698.1,1,78.9,UDP,2.9,udp_flood
10.10.10.212,192.168.1.86,1967.8,1,1641.3,UDP,44.7,dns_amplification
203.0.113.129,10.0.0.231,1914.3,100,459.7,ESP,19.5,protocol_anomaly
203.0.113.165,172.16.1.12,15.8,2,50.5,TCP,193.5,slowloris
45.33.32.68,10.0.0.52,4668.9,2,55.4,TCP,6.0,syn_flood
172.16.0.55,192.168.1.157,5.4,2,56.3,TCP,498.1,slowloris
10.10.10.9,10.0.0.253,583.7,37,106.7,TCP,10.2,port_scan
203.0.113.41,10.0.0.142,2826.2,96,386.0,AH,2.4,protocol_anomaly
45.33.32.232,192.168.1.71,4804.9,2,71.9,UDP,8.0,udp_flood
203.0.113.101,10.0.0.218,17.7,2,40.2,TCP,406.4,slowloris
10.10.10.204,192.168.1.65,5577.2,4,94.7,UDP,24.3,udp_flood
45.33.32.221,172.16.1.48,29.1,2,29.5,TCP,481.8,slowloris
198.51.100.112,172.16.1.167,505.1,242,85.9,TCP,1.2,port_scan
172.16.0.3,10.0.0.226,4307.8,3,72.0,UDP,28.6,udp_flood
198.51.100.149,10.0.0.174,523.8,150,47.9,TCP,4.7,port_scan
198.51.100.221,10.0.0.6,608.4,94,105.3,TCP,1.8,port_scan
198.51.100.119,10.0.0.130,634.1,391,58.9,TCP,7.9,port_scan
198.51.100.202,172.16.1.103,1718.2,129,353.0,ESP,17.7,protocol_anomaly
45.33.32.253,10.0.0.62,801.3,141,59.0,TCP,8.0,port_scan
203.0.113.8,192.168.1.214,3674.4,1,3168.6,UDP,26.5,dns_amplification
203.0.113.41,192.168.1.218,11.9,2,33.2,TCP,485.5,slowloris
198.51.100.34,10.0.0.173,403.0,63,75.5,TCP,6.4,port_scan
10.10.10.127,192.168.1.86,371.3,229,111.4,TCP,4.8,port_scan
203.0.113.239,10.0.0.121,4882.6,3,93.6,UDP,22.1,udp_flood
172.16.0.234,192.168.1.31,714.9,385,74.9,TCP,2.8,port_scan
45.33.32.39,172.16.1.194,748.3,223,92.5,TCP,6.7,port_scan
10.10.10.16,192.168.1.95,2639.5,3,57.1,UDP,6.5,udp_flood
198.51.100.49,172.16.1.218,20.7,2,25.3,TCP,526.0,slowloris
198.51.100.76,192.168.1.177,1184.0,95,331.7,SCTP,11.0,protocol_anomaly
172.16.0.164,10.0.0.196,1294.1,21,267.7,IGMP,26.5,protocol_anomaly
203.0.113.69,10.0.0.65,9544.5,2,42.9,TCP,9.1,syn_flood
198.51.100.248,10.0.0.96,2969.0,1,63.9,TCP,2.9,syn_flood
198.51.100.39,192.168.1.69,26.0,1,29.9,TCP,529.3,slowloris
45.33.32.147,10.0.0.35,22.8,2,33.2,TCP,371.2,slowloris
172.16.0.195,10.0.0.253,830.7,319,71.0,TCP,13.7,port_scan
198.51.100.16,172.16.1.114,2120.4,1,1297.9,UDP,13.9,dns_amplification
203.0.113.111,192.168.1.250,3385.3,2,2185.8,UDP,13.0,dns_amplification
203.0.113.195,10.0.0.11,445.4,37,54.8,TCP,7.4,port_scan
172.16.0.78,10.0.0.9,6.7,1,55.5,TCP,157.0,slowloris
45.33.32.173,10.0.0.41,194.0,9,411.3,ESP,27.8,protocol_anomaly
45.33.32.192,192.168.1.51,6756.7,1,43.9,TCP,6.0,syn_flood
45.33.32.171,192.168.1.47,6926.1,3,24.6,UDP,28.1,udp_flood
45.33.32.135,10.0.0.48,9.0,2,45.4,TCP,219.4,slowloris
198.51.100.138,10.0.0.80,127.4,24,117.7,IGMP,5.2,protocol_anomaly
198.51.100.72,10.0.0.98,4620.6,2,70.9,TCP,4.1,syn_flood
172.16.0.20,192.168.1.145,2469.5,1,36.4,UDP,12.9,udp_flood
172.16.0.215,172.16.1.87,1853.7,1,79.2,UDP,25.9,udp_flood
45.33.32.131,10.0.0.27,1008.5,66,248.5,PIM,20.4,protocol_anomaly
10.10.10.45,10.0.0.247,3782.7,2,63.2,TCP,2.0,syn_flood
198.51.100.233,172.16.1.82,4228.3,1,65.9,TCP,5.3,syn_flood
10.10.10.178,192.168.1.185,734.6,400,94.7,TCP,0.9,port_scan
172.16.0.39,172.16.1.251,25.6,1,39.2,TCP,399.3,slowloris
45.33.32.95,10.0.0.159,772.5,437,81.0,UDP,6.9,port_scan
45.33.32.101,192.168.1.27,6756.9,2,70.8,TCP,6.8,syn_flood
203.0.113.137,192.168.1.200,2117.9,1,47.6,TCP,0.6,syn_flood
10.10.10.93,172.16.1.76,7793.2,4,50.0,UDP,1.9,udp_flood
10.10.10.42,192.168.1.131,656.0,60,57.8,TCP,4.4,port_scan
203.0.113.105,172.16.1.31,218.9,376,61.8,UDP,3.8,port_scan
198.51.100.203,172.16.1.100,1501.8,57,215.0,PIM,9.0,protocol_anomaly
172.16.0.82,10.0.0.139,3159.4,1,3802.6,UDP,33.3,dns_amplification
45.33.32.46,192.168.1.104,3145.6,2,76.0,TCP,2.7,syn_flood
172.16.0.233,172.16.1.41,2648.7,101,473.3,SCTP,5.8,protocol_anomaly
10.10.10.13,172.16.1.152,21.7,2,40.7,TCP,367.8,slowloris
172.16.0.118,10.0.0.96,2080.4,3,53.6,UDP,8.0,udp_flood
10.10.10.51,192.168.1.29,156.3,33,54.5,TCP,13.9,port_scan
10.10.10.47,10.0.0.103,1711.5,103,287.2,PIM,0.7,protocol_anomaly
45.33.32.43,192.168.1.114,3999.1,2,49.6,TCP,1.0,syn_flood
172.16.0.84,172.16.1.112,3603.4,2,2024.7,UDP,56.7,dns_amplification
203.0.113.117,10.0.0.44,27.3,2,51.7,TCP,194.4,slowloris
203.0.113.135,192.168.1.104,4743.7,1,3352.6,UDP,18.7,dns_amplification
10.10.10.38,10.0.0.142,2185.4,105,240.7,PIM,13.4,protocol_anomaly
45.33.32.129,10.0.0.79,5394.0,1,43.5,TCP,1.7,syn_flood
45.33.32.150,172.16.1.160,259.4,318,47.5,TCP,13.9,port_scan
172.16.0.86,192.168.1.170,4708.1,1,59.8,UDP,3.2,udp_flood
45.33.32.127,172.16.1.26,1171.0,94,223.8,PIM,23.8,protocol_anomaly
10.10.10.186,192.168.1.71,3436.1,1,3878.8,UDP,17.7,dns_amplification
198.51.100.139,192.168.1.226,18.4,2,41.5,TCP,454.5,slowloris
10.10.10.217,172.16.1.21,4232.8,4,80.1,UDP,7.4,udp_flood
203.0.113.166,192.168.1.2,852.2,288,74.7,TCP,1.4,port_scan
203.0.113.69,192.168.1.209,11.4,1,37.4,TCP,519.6,slowloris
45.33.32.220,172.16.1.28,9594.0,2,70.9,TCP,5.8,syn_flood
45.33.32.168,10.0.0.166,5135.8,1,70.9,UDP,27.5,udp_flood
45.33.32.184,10.0.0.208,11.1,2,31.9,TCP,407.6,slowloris
10.10.10.130,192.168.1.1,2408.2,32,221.7,IGMP,13.6,protocol_anomaly
45.33.32.149,172.16.1.92,5781.6,2,75.9,UDP,19.7,udp_flood
198.51.100.207,10.0.0.9,2758.5,2,45.8,TCP,1.4,syn_flood
10.10.10.75,10.0.0.104,10.8,1,23.2,TCP,174.4,slowloris
203.0.113.29,172.16.1.224,6239.4,4,79.8,UDP,26.6,udp_flood
172.16.0.171,10.0.0.137,839.1,499,55.2,TCP,11.0,port_scan
172.16.0.178,10.0.0.231,4043.7,2,60.2,TCP,1.3,syn_flood
45.33.32.136,172.16.1.183,2155.6,16,99.4,IGMP,11.9,protocol_anomaly
172.16.0.197,192.168.1.45,29.7,1,32.4,TCP,261.2,slowloris
172.16.0.196,10.0.0.207,6933.3,2,23.1,UDP,22.2,udp_flood
198.51.100.19,192.168.1.118,2089.0,85,173.6,PIM,11.9,protocol_anomaly
172.16.0.15,172.16.1.150,173.2,490,67.3,TCP,7.9,port_scan
172.16.0.73,192.168.1.184,16.0,2,39.8,TCP,264.7,slowloris
10.10.10.246,172.16.1.28,1496.4,1,3627.9,UDP,53.6,dns_amplification
198.51.100.48,172.16.1.162,2556.5,79,478.5,IGMP,5.5,protocol_anomaly
203.0.113.39,10.0.0.7,28.0,2,34.0,TCP,395.2,slowloris
45.33.32.101,10.0.0.38,2253.5,1,58.3,TCP,1.5,syn_flood
10.10.10.210,172.16.1.96,410.9,444,98.4,TCP,4.6,port_scan
172.16.0.184,172.16.1.119,8215.0,1,51.9,TCP,1.9,syn_flood
10.10.10.77,10.0.0.20,8939.2,1,72.3,TCP,7.7,syn_flood
45.33.32.161,172.16.1.76,3194.0,1,53.9,UDP,20.7,udp_flood
198.51.100.57,172.16.1.106,1542.8,2,3983.5,UDP,30.9,dns_amplification
203.0.113.88,192.168.1.43,1127.7,48,356.7,AH,8.4,protocol_anomaly
10.10.10.194,10.0.0.59,3313.0,4,60.4,UDP,7.9,udp_flood
198.51.100.104,192.168.1.213,22.4,1,34.0,TCP,280.2,slowloris
172.16.0.111,192.168.1.200,523.4,119,115.6,UDP,12.2,port_scan
45.33.32.145,10.0.0.24,5.6,2,50.0,TCP,289.2,slowloris
10.10.10.110,172.16.1.19,3633.1,2,3342.9,UDP,29.6,dns_amplification
45.33.32.103,192.168.1.229,4172.0,2,69.7,TCP,9.3,syn_flood
203.0.113.69,172.16.1.43,4067.7,2,45.2,TCP,2.9,syn_flood
172.16.0.253,10.0.0.189,186.8,44,78.1,GRE,2.8,protocol_anomaly
203.0.113.246,10.0.0.125,4013.3,2,3170.5,UDP,57.9,dns_amplification
198.51.100.232,10.0.0.12,3054.9,3,44.9,UDP,25.1,udp_flood
172.16.0.195,10.0.0.115,3597.5,2,3467.3,UDP,34.5,dns_amplification
198.51.100.43,10.0.0.207,21.4,1,57.7,TCP,524.3,slowloris
172.16.0.249,172.16.1.240,361.9,51,224.2,ESP,6.2,protocol_anomaly
203.0.113.176,192.168.1.130,16.6,1,59.0,TCP,540.6,slowloris
10.10.10.217,172.16.1.131,1803.9,1,3847.1,UDP,14.9,dns_amplification
198.51.100.124,10.0.0.160,1799.4,4,90.2,UDP,26.8,udp_flood
203.0.113.43,10.0.0.110,348.1,449,106.0,TCP,14.2,port_scan
198.51.100.192,192.168.1.101,4631.6,2,50.9,TCP,1.3,syn_flood
45.33.32.236,10.0.0.174,69.5,43,62.1,AH,17.4,protocol_anomaly
172.16.0.59,10.0.0.134,4827.4,1,52.9,TCP,5.5,syn_flood
172.16.0.78,172.16.1.110,2892.5,2,74.5,TCP,6.6,syn_flood
198.51.100.42,192.168.1.18,2043.7,1,45.9,TCP,10.0,syn_flood
10.10.10.17,192.168.1.38,573.5,377,60.9,TCP,5.0,port_scan
172.16.0.39,172.16.1.237,29.3,1,45.8,TCP,586.6,slowloris
203.0.113.32,192.168.1.213,2822.8,2,2221.2,UDP,19.8,dns_amplification
198.51.100.238,192.168.1.29,4400.5,2,2859.3,UDP,15.8,dns_amplification
198.51.100.185,192.168.1.91,468.5,55,188.6,SCTP,14.3,protocol_anomaly
198.51.100.82,10.0.0.99,439.4,445,86.4,UDP,12.5,port_scan
10.10.10.11,10.0.0.109,1598.5,1,1917.5,UDP,7.9,dns_amplification
172.16.0.90,192.168.1.133,3282.0,1,1939.4,UDP,15.3,dns_amplification
172.16.0.193,172.16.1.168,7245.8,4,41.1,UDP,3.3,udp_flood
45.33.32.116,172.16.1.219,28.9,2,24.9,TCP,583.6,slowloris
10.10.10.67,192.168.1.69,288.1,443,102.1,TCP,0.8,port_scan
172.16.0.202,192.168.1.171,807.0,126,404.1,SCTP,19.5,protocol_anomaly
203.0.113.66,192.168.1.191,692.2,143,337.7,AH,15.2,protocol_anomaly
203.0.113.120,10.0.0.84,6.6,2,42.6,TCP,305.3,slowloris
172.16.0.187,10.0.0.9,7617.4,3,24.7,UDP,22.4,udp_flood
45.33.32.209,10.0.0.123,5132.7,2,41.4,UDP,19.9,udp_flood
172.16.0.196,10.0.0.2,426.7,110,213.5,AH,25.3,protocol_anomaly
10.10.10.24,172.16.1.38,8861.2,2,76.3,TCP,5.8,syn_flood
10.10.10.189,192.168.1.186,2787.6,4,26.9,UDP,4.8,udp_flood
172.16.0.231,192.168.1.174,27.7,2,26.5,TCP,435.0,slowloris
45.33.32.36,192.168.1.211,7972.7,4,97.9,UDP,12.7,udp_flood
203.0.113.87,172.16.1.55,7246.5,4,24.2,UDP,25.6,udp_flood
10.10.10.7,172.16.1.17,1833.8,2,2948.0,UDP,8.1,dns_amplification
10.10.10.183,172.16.1.171,1489.3,139,273.6,ESP,8.0,protocol_anomaly
45.33.32.174,192.168.1.203,14.2,1,53.7,TCP,245.1,slowloris
198.51.100.35,192.168.1.9,891.9,120,55.3,TCP,9.7,port_scan
198.51.100.134,192.168.1.201,6096.0,3,32.3,UDP,20.8,udp_flood
172.16.0.37,192.168.1.251,4830.1,2,3293.5,UDP,11.6,dns_amplification
198.51.100.253,172.16.1.31,9.6,2,49.0,TCP,485.6,slowloris
198.51.100.33,10.0.0.81,420.0,281,43.7,TCP,1.5,port_scan
198.51.100.50,192.168.1.43,2448.1,1,24.4,UDP,11.5,udp_flood
172.16.0.21,172.16.1.103,6014.4,4,86.1,UDP,16.8,udp_flood
10.10.10.232,10.0.0.158,5767.1,2,71.6,TCP,4.3,syn_flood
203.0.113.110,192.168.1.165,5294.9,1,40.1,TCP,5.0,syn_flood
45.33.32.224,192.168.1.32,7006.1,2,84.1,UDP,1.8,udp_flood
198.51.100.126,10.0.0.214,17.2,1,37.7,TCP,358.3,slowloris
45.33.32.129,10.0.0.184,29.7,2,35.0,TCP,462.1,slowloris
203.0.113.248,10.0.0.143,20.5,1,36.3,TCP,560.1,slowloris
45.33.32.186,10.0.0.3,487.7,486,84.5,TCP,11.2,port_scan
45.33.32.159,192.168.1.242,2439.2,119,396.2,PIM,3.0,protocol_anomaly
10.10.10.123,172.16.1.155,22.2,1,56.3,TCP,469.7,slowloris
198.51.100.174,192.168.1.188,27.3,2,58.0,TCP,552.6,slowloris
10.10.10.220,172.16.1.181,25.1,1,30.7,TCP,298.2,slowloris
198.51.100.213,10.0.0.245,653.1,64,165.4,SCTP,9.3,protocol_anomaly
203.0.113.253,172.16.1.5,483.8,454,55.9,TCP,6.2,port_scan
172.16.0.160,172.16.1.227,2917.0,1,2452.2,UDP,20.1,dns_amplification
172.16.0.16,192.168.1.20,383.5,78,268.2,SCTP,9.8,protocol_anomaly
10.10.10.79,192.168.1.161,8852.9,2,45.5,TCP,9.3,syn_flood
10.10.10.43,192.168.1.22,2715.5,124,62.8,PIM,28.3,protocol_anomaly
203.0.113.127,172.16.1.185,2509.8,5,68.8,GRE,1.0,protocol_anomaly
198.51.100.182,10.0.0.207,2702.3,2,79.8,TCP,9.2,syn_flood
203.0.113.168,10.0.0.182,1464.8,2,3755.4,UDP,2.1,dns_amplification
172.16.0.21,192.168.1.221,3656.7,1,3581.6,UDP,54.1,dns_amplification
203.0.113.171,10.0.0.42,6.5,1,26.7,TCP,264.5,slowloris
198.51.100.242,172.16.1.239,2025.1,89,294.8,GRE,23.7,protocol_anomaly
45.33.32.239,10.0.0.119,8149.0,1,52.0,TCP,8.4,syn_flood
198.51.100.247,10.0.0.114,4620.4,1,2447.2,UDP,17.4,dns_amplification
198.51.100.2,172.16.1.107,3578.4,1,55.1,TCP,3.7,syn_flood
10.10.10.94,10.0.0.46,529.2,185,41.2,TCP,4.6,port_scan
203.0.113.244,10.0.0.212,1567.1,4,27.8,UDP,21.0,udp_flood
203.0.113.147,192.168.1.206,643.3,225,44.8,TCP,14.2,port_scan
172.16.0.95,192.168.1.228,1698.3,59,399.2,AH,30.0,protocol_anomaly
203.0.113.42,192.168.1.185,6778.6,4,51.2,UDP,14.6,udp_flood
203.0.113.123,192.168.1.66,11.0,2,26.7,TCP,437.1,slowloris
203.0.113.161,172.16.1.217,1779.7,1,2216.1,UDP,10.2,dns_amplification
203.0.113.111,192.168.1.201,4397.7,1,56.2,TCP,3.7,syn_flood
45.33.32.203,10.0.0.6,7.3,2,22.1,TCP,182.7,slowloris
203.0.113.237,192.168.1.49,3016.8,2,65.1,UDP,16.7,udp_flood
203.0.113.235,172.16.1.20,9664.3,1,78.9,TCP,2.6,syn_flood
45.33.32.192,172.16.1.139,3593.5,1,30.3,UDP,13.0,udp_flood
10.10.10.95,10.0.0.147,2192.5,1,62.7,TCP,6.3,syn_flood
172.16.0.191,10.0.0.109,401.8,469,61.6,TCP,11.1,port_scan
198.51.100.200,172.16.1.155,1903.9,4,58.6,UDP,1.0,udp_flood
172.16.0.222,192.168.1.109,454.1,487,119.5,TCP,13.0,port_scan
45.33.32.155,192.168.1.242,18.8,2,44.8,TCP,231.6,slowloris
198.51.100.232,192.168.1.163,14.7,2,21.8,TCP,589.3,slowloris
10.10.10.100,192.168.1.149,2700.3,129,193.3,SCTP,3.5,protocol_anomaly
45.33.32.215,172.16.1.59,8116.2,2,64.0,TCP,2.5,syn_flood
198.51.100.141,10.0.0.242,29.4,2,55.5,TCP,188.4,slowloris
172.16.0.181,192.168.1.199,2596.8,2,29.3,UDP,7.9,udp_flood
45.33.32.166,172.16.1.92,20.5,2,45.1,TCP,468.1,slowloris
172.16.0.205,10.0.0.114,3657.1,2,1731.7,UDP,29.6,dns_amplification
172.16.0.81,172.16.1.20,370.4,103,49.6,TCP,3.6,port_scan
10.10.10.247,192.168.1.56,4564.1,1,2380.8,UDP,45.6,dns_amplification
45.33.32.52,10.0.0.66,8.8,1,35.5,TCP,124.4,slowloris
45.33.32.6,10.0.0.193,2736.1,2,41.6,TCP,9.3,syn_flood
203.0.113.253,192.168.1.147,709.3,419,81.0,UDP,2.1,port_scan
172.16.0.142,10.0.0.94,7.5,2,54.6,TCP,556.7,slowloris
45.33.32.175,192.168.1.169,25.0,2,43.0,TCP,275.0,slowloris
203.0.113.48,10.0.0.51,4528.4,2,41.9,UDP,23.5,udp_flood
10.10.10.187,172.16.1.161,6127.1,1,59.1,UDP,28.1,udp_flood
203.0.113.166,172.16.1.227,7024.7,2,70.0,UDP,1.5,udp_flood
198.51.100.209,172.16.1.156,2828.8,111,172.7,GRE,23.0,protocol_anomaly
203.0.113.81,172.16.1.229,351.7,296,116.6,TCP,4.9,port_scan
198.51.100.63,172.16.1.169,367.3,436,94.3,TCP,3.5,port_scan
198.51.100.223,192.168.1.155,6.1,2,35.2,TCP,176.8,slowloris
198.51.100.13,10.0.0.193,29.7,1,27.7,TCP,475.7,slowloris
203.0.113.171,10.0.0.29,2900.0,49,449.9,AH,23.7,protocol_anomaly
198.51.100.157,192.168.1.11,249.7,263,104.1,TCP,14.7,port_scan
203.0.113.214,10.0.0.87,4038.5,2,1328.2,UDP,10.8,dns_amplification
172.16.0.86,172.16.1.30,11.0,2,31.5,TCP,473.2,slowloris
203.0.113.43,172.16.1.6,324.1,112,220.7,AH,9.0,protocol_anomaly
172.16.0.48,192.168.1.23,1156.2,92,205.3,IGMP,7.6,protocol_anomaly
45.33.32.234,10.0.0.92,4797.1,4,83.7,UDP,2.5,udp_flood
45.33.32.200,172.16.1.152,841.1,436,75.2,TCP,6.1,port_scan
198.51.100.216,192.168.1.51,9003.8,1,44.9,TCP,7.7,syn_flood
198.51.100.76,10.0.0.219,5204.6,1,69.6,TCP,3.5,syn_flood
45.33.32.244,192.168.1.96,287.7,145,395.8,IGMP,5.3,protocol_anomaly
45.33.32.132,192.168.1.155,2800.4,139,174.3,SCTP,1.4,protocol_anomaly
172.16.0.65,172.16.1.40,2782.6,1,3598.2,UDP,38.3,dns_amplification
203.0.113.64,10.0.0.86,2209.9,1,37.3,UDP,7.4,udp_flood
203.0.113.183,172.16.1.41,1595.6,1,3774.9,UDP,11.0,dns_amplification
45.33.32.57,192.168.1.163,9210.9,1,58.6,TCP,1.7,syn_flood
172.16.0.139,192.168.1.146,876.8,136,75.8,UDP,10.9,port_scan
203.0.113.197,192.168.1.198,4813.0,1,3944.0,UDP,35.8,dns_amplification
10.10.10.204,172.16.1.179,758.9,464,93.3,TCP,14.0,port_scan
45.33.32.67,10.0.0.71,1706.1,2,2352.1,UDP,47.9,dns_amplification
198.51.100.54,192.168.1.65,2504.2,1,54.6,UDP,27.7,udp_flood
172.16.0.80,10.0.0.54,1585.1,4,36.9,UDP,2.2,udp_flood
45.33.32.107,10.0.0.167,1407.3,1,1402.3,UDP,37.9,dns_amplification
198.51.100.251,172.16.1.84,1278.1,2,2999.6,UDP,25.4,dns_amplification
172.16.0.215,172.16.1.12,1064.9,138,194.1,SCTP,25.2,protocol_anomaly
172.16.0.190,172.16.1.89,25.5,1,51.1,TCP,531.9,slowloris
45.33.32.168,192.168.1.21,1062.1,102,159.3,PIM,8.8,protocol_anomaly
198.51.100.126,10.0.0.143,3913.2,1,65.8,TCP,9.8,syn_flood
10.10.10.102,192.168.1.88,8.9,2,29.0,TCP,460.8,slowloris
45.33.32.33,10.0.0.73,197.7,381,92.5,TCP,2.5,port_scan
45.33.32.65,192.168.1.91,739.1,51,104.1,TCP,5.8,port_scan
198.51.100.242,10.0.0.170,4088.9,2,41.6,TCP,5.3,syn_flood
203.0.113.66,172.16.1.202,1712.6,113,297.4,IGMP,11.2,protocol_anomaly
198.51.100.8,192.168.1.202,536.7,140,108.4,UDP,12.5,port_scan
203.0.113.5,192.168.1.251,268.0,145,62.1,TCP,7.5,port_scan
45.33.32.122,10.0.0.247,4471.6,4,65.2,UDP,23.3,udp_flood
10.10.10.100,172.16.1.181,1615.2,2,2318.6,UDP,18.6,dns_amplification
203.0.113.131,172.16.1.50,5526.5,2,45.9,TCP,2.0,syn_flood
203.0.113.3,192.168.1.79,873.0,22,151.2,SCTP,16.1,protocol_anomaly
45.33.32.211,10.0.0.177,880.8,149,457.5,AH,11.2,protocol_anomaly
203.0.113.74,10.0.0.204,2651.4,4,90.7,UDP,20.9,udp_flood
198.51.100.182,10.0.0.97,142.5,20,44.4,AH,19.4,protocol_anomaly
203.0.113.162,172.16.1.81,1580.1,4,45.8,UDP,17.3,udp_flood
45.33.32.252,192.168.1.38,536.4,142,303.3,IGMP,26.7,protocol_anomaly
198.51.100.56,10.0.0.247,2842.7,2,3817.0,UDP,49.0,dns_amplification
203.0.113.74,192.168.1.181,4201.3,1,3921.7,UDP,10.5,dns_amplification
172.16.0.229,172.16.1.76,2564.4,69,184.5,AH,6.3,protocol_anomaly
198.51.100.154,172.16.1.235,1080.6,36,130.4,PIM,1.4,protocol_anomaly
198.51.100.20,192.168.1.225,29.1,2,31.4,TCP,263.5,slowloris
45.33.32.80,172.16.1.148,461.2,294,60.5,TCP,7.5,port_scan
45.33.32.44,10.0.0.85,9.2,2,31.2,TCP,197.9,slowloris
10.10.10.188,10.0.0.108,1949.3,1,1491.4,UDP,37.2,dns_amplification
198.51.100.165,10.0.0.134,11.3,1,47.4,TCP,196.4,slowloris
10.10.10.171,10.0.0.30,1981.6,141,335.7,ESP,4.9,protocol_anomaly
45.33.32.209,192.168.1.116,9.8,1,28.2,TCP,358.8,slowloris
45.33.32.156,172.16.1.113,16.5,2,42.8,TCP,340.7,slowloris
172.16.0.164,10.0.0.239,325.3,342,42.4,TCP,11.6,port_scan
172.16.0.64,192.168.1.42,1382.1,123,223.3,AH,15.0,protocol_anomaly
45.33.32.64,192.168.1.247,2866.5,4,42.0,UDP,29.3,udp_flood
198.51.100.153,10.0.0.29,2786.2,2,1729.6,UDP,46.9,dns_amplification
10.10.10.153,192.168.1.229,1631.4,80,406.8,IGMP,21.3,protocol_anomaly
172.16.0.82,172.16.1.179,869.6,211,56.2,TCP,1.1,port_scan
203.0.113.215,172.16.1.21,5229.8,4,38.3,UDP,7.8,udp_flood
172.16.0.183,172.16.1.184,510.0,130,88.6,ESP,8.7,protocol_anomaly
45.33.32.188,192.168.1.99,3432.5,1,2114.1,UDP,13.2,dns_amplification
198.51.100.74,192.168.1.126,234.4,260,66.8,TCP,9.3,port_scan
172.16.0.12,172.16.1.66,216.6,87,66.1,TCP,7.2,port_scan
203.0.113.249,172.16.1.45,6473.2,2,71.2,TCP,7.4,syn_flood
45.33.32.101,10.0.0.129,2098.5,88,229.8,GRE,26.7,protocol_anomaly
45.33.32.127,192.168.1.120,556.1,345,82.1,TCP,14.5,port_scan
198.51.100.156,192.168.1.166,1876.8,139,323.3,ESP,4.7,protocol_anomaly
172.16.0.50,172.16.1.150,2423.0,2,3775.5,UDP,7.9,dns_amplification
10.10.10.241,192.168.1.201,740.4,497,55.5,TCP,7.9,port_scan
203.0.113.66,10.0.0.221,4391.8,2,2953.0,UDP,20.5,dns_amplification
203.0.113.176,172.16.1.80,2315.0,102,139.6,IGMP,22.9,protocol_anomaly
10.10.10.51,10.0.0.149,3961.9,2,1771.8,UDP,5.4,dns_amplification
203.0.113.186,192.168.1.23,7785.0,1,76.4,TCP,4.0,syn_flood
172.16.0.172,192.168.1.246,7213.5,1,50.8,TCP,5.9,syn_flood
10.10.10.245,172.16.1.140,15.8,1,36.0,TCP,240.9,slowloris
10.10.10.89,172.16.1.137,652.3,8,480.4,PIM,26.7,protocol_anomaly
198.51.100.118,192.168.1.233,26.4,2,25.0,TCP,499.5,slowloris
198.51.100.119,172.16.1.126,1870.5,68,463.3,IGMP,24.2,protocol_anomaly
172.16.0.170,172.16.1.252,4062.4,3,47.3,UDP,29.2,udp_flood
172.16.0.35,172.16.1.159,8618.9,1,79.2,TCP,1.8,syn_flood
198.51.100.148,172.16.1.244,2022.5,108,188.6,AH,7.3,protocol_anomaly
198.51.100.29,172.16.1.145,5665.9,1,58.5,TCP,8.8,syn_flood
203.0.113.196,192.168.1.70,412.6,99,79.1,TCP,1.2,port_scan
172.16.0.119,192.168.1.121,8230.3,1,40.7,TCP,6.2,syn_flood
172.16.0.62,10.0.0.250,7795.4,3,50.6,UDP,6.7,udp_flood
203.0.113.12,172.16.1.202,993.7,53,305.6,AH,23.6,protocol_anomaly
172.16.0.30,172.16.1.116,2455.1,63,250.7,SCTP,21.9,protocol_anomaly
203.0.113.249,172.16.1.56,6711.5,4,95.0,UDP,2.7,udp_flood
10.10.10.144,192.168.1.26,29.4,1,52.0,TCP,238.3,slowloris
172.16.0.5,172.16.1.221,9134.1,2,44.7,TCP,9.4,syn_flood
203.0.113.109,192.168.1.149,2030.1,49,90.2,ESP,16.9,protocol_anomaly
172.16.0.12,10.0.0.228,1794.6,1,1877.4,UDP,42.4,dns_amplification
203.0.113.63,192.168.1.224,183.8,214,110.8,UDP,11.8,port_scan
172.16.0.84,192.168.1.232,6487.2,1,60.8,TCP,5.6,syn_flood
10.10.10.77,10.0.0.146,9.2,2,33.8,TCP,516.0,slowloris
10.10.10.192,10.0.0.202,2778.4,73,211.1,IGMP,15.8,protocol_anomaly
172.16.0.56,172.16.1.43,3096.9,3,59.0,UDP,21.4,udp_flood
172.16.0.210,172.16.1.151,9759.5,1,41.3,TCP,8.4,syn_flood
10.10.10.110,192.168.1.53,721.9,240,82.1,TCP,12.6,port_scan
203.0.113.155,10.0.0.192,4607.5,1,3765.4,UDP,34.7,dns_amplification
45.33.32.144,10.0.0.168,2978.9,2,3872.7,UDP,56.3,dns_amplification
203.0.113.196,192.168.1.212,5758.5,3,55.2,UDP,20.7,udp_flood
198.51.100.238,172.16.1.219,888.3,166,83.4,UDP,6.0,port_scan
45.33.32.82,192.168.1.250,5.7,1,27.1,TCP,376.1,slowloris
45.33.32.186,10.0.0.8,26.8,1,39.5,TCP,484.7,slowloris
172.16.0.149,192.168.1.201,274.3,126,51.6,TCP,3.4,port_scan
45.33.32.121,172.16.1.77,19.2,1,56.9,TCP,448.8,slowloris
45.33.32.51,192.168.1.218,3488.0,2,75.9,TCP,1.0,syn_flood
45.33.32.240,10.0.0.183,2858.8,1,67.2,TCP,4.9,syn_flood
172.16.0.227,192.168.1.153,1240.1,97,322.6,AH,1.1,protocol_anomaly
198.51.100.60,172.16.1.152,9882.0,2,78.5,TCP,4.5,syn_flood
198.51.100.130,172.16.1.153,647.1,366,41.7,TCP,5.6,port_scan
198.51.100.132,172.16.1.122,3222.8,1,3297.1,UDP,6.2,dns_amplification
45.33.32.68,192.168.1.63,346.0,83,58.2,TCP,7.5,port_scan
45.33.32.62,192.168.1.101,14.0,2,56.5,TCP,241.2,slowloris
198.51.100.53,172.16.1.73,864.7,405,75.0,TCP,8.7,port_scan
203.0.113.4,192.168.1.213,2742.2,56,368.5,IGMP,9.2,protocol_anomaly
203.0.113.40,172.16.1.201,1670.7,30,294.9,GRE,9.1,protocol_anomaly
45.33.32.221,192.168.1.197,4491.2,1,1881.3,UDP,9.4,dns_amplification
45.33.32.87,172.16.1.147,7225.3,1,50.0,TCP,2.2,syn_flood
198.51.100.240,192.168.1.234,1314.6,123,66.6,SCTP,19.0,protocol_anomaly
203.0.113.226,10.0.0.185,25.4,2,27.9,TCP,162.9,slowloris
172.16.0.239,10.0.0.229,535.6,327,84.4,TCP,6.9,port_scan
172.16.0.160,192.168.1.165,2739.1,1,80.9,UDP,8.1,udp_flood
198.51.100.59,192.168.1.155,796.6,236,95.6,TCP,14.2,port_scan
198.51.100.3,172.16.1.50,557.4,234,71.7,TCP,13.2,port_scan
203.0.113.177,192.168.1.1,6681.1,3,86.6,UDP,19.8,udp_flood
203.0.113.92,192.168.1.112,830.8,89,400.4,AH,12.2,protocol_anomaly
45.33.32.59,172.16.1.138,10.5,1,43.8,TCP,434.9,slowloris
10.10.10.95,192.168.1.20,2239.1,138,201.1,IGMP,3.5,protocol_anomaly
10.10.10.247,172.16.1.55,289.1,15,484.1,AH,15.9,protocol_anomaly
45.33.32.39,192.168.1.214,1198.1,70,107.2,GRE,6.5,protocol_anomaly
198.51.100.230,192.168.1.53,5605.8,1,67.7,TCP,8.6,syn_flood
45.33.32.213,10.0.0.188,1838.0,2,3324.6,UDP,53.7,dns_amplification
172.16.0.112,172.16.1.96,2814.2,18,162.0,ESP,9.8,protocol_anomaly
203.0.113.236,10.0.0.87,5793.7,1,52.8,UDP,27.5,udp_flood
45.33.32.130,10.0.0.153,2231.5,69,89.4,SCTP,28.8,protocol_anomaly
203.0.113.41,172.16.1.49,758.2,121,105.1,GRE,23.3,protocol_anomaly
198.51.100.17,192.168.1.88,303.1,134,333.5,IGMP,22.7,protocol_anomaly
203.0.113.173,10.0.0.85,7342.2,1,56.5,TCP,2.3,syn_flood
198.51.100.47,172.16.1.6,4918.6,2,73.0,UDP,20.5,udp_flood
203.0.113.67,10.0.0.85,5798.5,3,72.4,UDP,26.6,udp_flood
172.16.0.168,10.0.0.159,2626.6,103,305.3,ESP,23.8,protocol_anomaly
203.0.113.6,172.16.1.179,13.4,2,39.9,TCP,230.5,slowloris
198.51.100.6,172.16.1.62,1763.6,4,74.7,UDP,13.2,udp_flood
10.10.10.204,10.0.0.245,3522.3,2,92.1,UDP,21.8,udp_flood
10.10.10.224,10.0.0.216,1893.4,69,430.5,PIM,23.7,protocol_anomaly
172.16.0.117,192.168.1.174,2710.5,2,2036.2,UDP,48.1,dns_amplification
45.33.32.253,10.0.0.204,1596.6,22,122.4,IGMP,7.5,protocol_anomaly
10.10.10.185,10.0.0.45,2560.9,73,189.1,SCTP,10.6,protocol_anomaly
10.10.10.217,10.0.0.210,2326.7,65,74.7,SCTP,21.9,protocol_anomaly
203.0.113.100,10.0.0.185,24.0,2,26.9,TCP,183.2,slowloris
45.33.32.228,192.168.1.63,2046.9,1,32.4,UDP,3.0,udp_flood
10.10.10.196,10.0.0.222,1881.5,2,3625.4,UDP,15.6,dns_amplification
203.0.113.197,10.0.0.23,2641.5,2,52.7,UDP,21.1,udp_flood
172.16.0.219,10.0.0.86,7045.7,2,53.1,UDP,23.4,udp_flood
198.51.100.205,10.0.0.67,5361.5,3,79.9,UDP,27.4,udp_flood
10.10.10.34,172.16.1.222,3257.0,2,1733.9,UDP,2.9,dns_amplification
10.10.10.214,192.168.1.242,621.8,80,403.3,PIM,26.8,protocol_anomaly
10.10.10.43,10.0.0.118,3980.0,2,2480.0,UDP,29.9,dns_amplification
45.33.32.232,10.0.0.37,3902.4,4,84.5,UDP,21.1,udp_flood
198.51.100.195,10.0.0.179,3539.6,2,3513.2,UDP,57.9,dns_amplification
203.0.113.234,172.16.1.9,1769.2,2,52.4,UDP,2.5,udp_flood
45.33.32.235,10.0.0.128,2911.9,1,3720.6,UDP,42.3,dns_amplification
172.16.0.188,192.168.1.49,3226.8,1,80.3,UDP,14.8,udp_flood
10.10.10.38,10.0.0.220,717.2,125,278.8,GRE,11.0,protocol_anomaly
10.10.10.202,192.168.1.251,8583.6,2,77.8,TCP,3.1,syn_flood
198.51.100.62,10.0.0.199,382.2,311,42.0,UDP,15.0,port_scan
203.0.113.230,172.16.1.17,1334.9,2,1809.3,UDP,4.9,dns_amplification
198.51.100.57,192.168.1.183,4045.1,3,96.5,UDP,6.9,udp_flood
203.0.113.98,192.168.1.19,189.3,96,157.3,ESP,29.5,protocol_anomaly
10.10.10.206,192.168.1.196,2665.3,2,28.9,UDP,16.9,udp_flood
10.10.10.117,172.16.1.191,13.3,1,22.3,TCP,554.4,slowloris
172.16.0.189,10.0.0.243,24.1,2,59.8,TCP,169.6,slowloris
10.10.10.191,192.168.1.129,2240.0,2,1716.1,UDP,59.5,dns_amplification
198.51.100.36,172.16.1.172,554.6,417,102.3,TCP,3.8,port_scan
172.16.0.97,172.16.1.43,2842.4,1,77.7,TCP,5.6,syn_flood
10.10.10.199,192.168.1.156,28.0,1,33.4,TCP,306.4,slowloris
172.16.0.221,10.0.0.138,8.3,2,49.5,TCP,175.6,slowloris
203.0.113.78,10.0.0.234,2595.5,2,44.2,TCP,0.9,syn_flood
172.16.0.208,10.0.0.112,6.4,1,57.7,TCP,399.6,slowloris
10.10.10.231,10.0.0.160,2448.1,32,151.2,IGMP,23.0,protocol_anomaly
198.51.100.186,172.16.1.178,3625.1,2,2682.8,UDP,48.7,dns_amplification
45.33.32.206,10.0.0.67,4952.9,2,1900.1,UDP,9.6,dns_amplification
198.51.100.61,10.0.0.183,7358.5,3,23.8,UDP,11.0,udp_flood
45.33.32.165,192.168.1.196,7383.8,1,87.4,UDP,6.5,udp_flood
203.0.113.64,192.168.1.219,21.5,2,28.0,TCP,350.5,slowloris
10.10.10.70,10.0.0.7,7485.9,1,97.3,UDP,25.2,udp_flood
45.33.32.242,192.168.1.39,2639.5,1,45.2,UDP,2.8,udp_flood
45.33.32.165,192.168.1.149,828.5,361,69.2,TCP,6.9,port_scan
203.0.113.253,192.168.1.227,5.8,1,42.1,TCP,209.0,slowloris
10.10.10.126,192.168.1.97,8032.3,2,60.1,TCP,0.7,syn_flood
10.10.10.131,172.16.1.35,5925.2,4,52.6,UDP,6.1,udp_flood
203.0.113.72,10.0.0.78,4693.2,2,2717.2,UDP,31.5,dns_amplification
198.51.100.223,10.0.0.205,2234.2,1,2973.6,UDP,39.0,dns_amplification
10.10.10.64,10.0.0.78,16.5,2,58.8,TCP,536.8,slowloris
198.51.100.1,10.0.0.88,8.5,1,56.1,TCP,322.3,slowloris
10.10.10.243,192.168.1.52,187.5,138,85.5,TCP,13.6,port_scan
172.16.0.49,10.0.0.209,766.8,323,99.8,TCP,8.2,port_scan
172.16.0.238,10.0.0.19,1959.7,2,2091.0,UDP,22.1,dns_amplification
45.33.32.103,192.168.1.95,570.0,99,67.7,TCP,3.8,port_scan
10.10.10.197,192.168.1.87,3230.9,1,3032.1,UDP,49.3,dns_amplification
10.10.10.29,10.0.0.163,445.3,59,53.2,TCP,3.9,port_scan
45.33.32.207,10.0.0.153,4678.4,2,77.1,TCP,3.3,syn_flood
203.0.113.113,192.168.1.48,7265.9,2,50.5,TCP,3.8,syn_flood
203.0.113.106,10.0.0.111,5645.7,1,55.1,TCP,1.9,syn_flood
198.51.100.223,192.168.1.126,6554.3,1,59.3,TCP,3.0,syn_flood
198.51.100.237,192.168.1.58,6442.9,3,83.4,UDP,28.7,udp_flood
45.33.32.176,10.0.0.63,3105.8,1,3937.3,UDP,57.9,dns_amplification
198.51.100.104,10.0.0.189,4059.5,2,1459.2,UDP,35.2,dns_amplification
172.16.0.244,192.168.1.47,2515.4,2,48.9,UDP,8.6,udp_flood
198.51.100.97,172.16.1.42,1358.5,1,3929.1,UDP,28.4,dns_amplification
172.16.0.148,192.168.1.15,1233.0,40,275.5,SCTP,8.6,protocol_anomaly
198.51.100.157,192.168.1.5,3420.1,3,23.1,UDP,7.3,udp_flood
10.10.10.101,192.168.1.117,154.9,452,58.0,UDP,9.6,port_scan
10.10.10.170,192.168.1.140,154.7,445,64.7,TCP,0.5,port_scan
10.10.10.15,10.0.0.199,3279.5,1,2928.0,UDP,58.1,dns_amplification
45.33.32.147,10.0.0.87,1887.3,2,3804.8,UDP,20.0,dns_amplification
10.10.10.146,10.0.0.224,5519.2,1,70.6,TCP,2.7,syn_flood
203.0.113.153,10.0.0.21,3526.3,1,69.0,TCP,6.1,syn_flood
10.10.10.138,172.16.1.128,732.8,96,63.5,TCP,4.1,port_scan
203.0.113.217,10.0.0.110,20.8,2,59.8,TCP,484.6,slowloris
172.16.0.252,10.0.0.31,756.2,52,104.4,TCP,14.0,port_scan
45.33.32.233,172.16.1.245,19.9,1,29.9,TCP,503.6,slowloris
172.16.0.36,10.0.0.11,3676.6,1,2206.2,UDP,58.3,dns_amplification
198.51.100.11,172.16.1.138,29.1,1,34.0,TCP,593.6,slowloris
172.16.0.123,192.168.1.123,7299.3,2,67.2,TCP,5.2,syn_flood
10.10.10.13,10.0.0.235,3626.9,4,23.3,UDP,1.6,udp_flood
203.0.113.220,10.0.0.58,7855.4,2,62.5,TCP,0.9,syn_flood
10.10.10.98,172.16.1.150,1631.4,1,2199.0,UDP,22.0,dns_amplification
10.10.10.55,10.0.0.118,722.0,62,499.3,IGMP,17.8,protocol_anomaly
198.51.100.86,10.0.0.188,2511.2,2,59.3,TCP,7.5,syn_flood
203.0.113.53,172.16.1.187,1822.5,146,226.3,AH,4.8,protocol_anomaly
45.33.32.141,192.168.1.220,13.3,1,44.7,TCP,314.6,slowloris
198.51.100.213,10.0.0.6,8349.7,1,78.4,TCP,9.6,syn_flood
198.51.100.93,172.16.1.206,27.6,1,59.0,TCP,227.3,slowloris
45.33.32.102,10.0.0.22,565.6,116,81.1,TCP,14.6,port_scan
172.16.0.148,192.168.1.102,836.8,213,106.4,TCP,9.3,port_scan
203.0.113.240,10.0.0.80,2457.2,1,67.4,UDP,1.8,udp_flood
198.51.100.239,10.0.0.171,3291.2,1,70.4,TCP,3.6,syn_flood
45.33.32.153,192.168.1.117,7185.6,3,36.0,UDP,1.6,udp_flood
10.10.10.186,192.168.1.100,1740.4,1,2477.3,UDP,2.5,dns_amplification
203.0.113.147,10.0.0.84,4401.9,4,32.2,UDP,22.2,udp_flood
45.33.32.176,192.168.1.252,538.9,141,429.3,ESP,2.7,protocol_anomaly
198.51.100.61,192.168.1.79,2094.4,1,3938.0,UDP,15.9,dns_amplification
10.10.10.30,172.16.1.89,4001.7,1,2882.3,UDP,32.1,dns_amplification
203.0.113.194,10.0.0.131,1064.2,42,241.8,GRE,27.7,protocol_anomaly
45.33.32.32,192.168.1.172,1607.3,2,1799.6,UDP,20.6,dns_amplification
198.51.100.124,10.0.0.235,686.0,147,41.5,TCP,5.1,port_scan
45.33.32.71,172.16.1.159,484.9,411,88.7,TCP,2.0,port_scan
198.51.100.104,172.16.1.238,13.2,1,49.7,TCP,400.3,slowloris
45.33.32.78,192.168.1.224,6425.7,2,54.2,UDP,6.4,udp_flood
10.10.10.248,192.168.1.207,2030.7,148,142.1,PIM,21.7,protocol_anomaly
45.33.32.142,10.0.0.83,443.5,22,294.7,SCTP,11.3,protocol_anomaly
45.33.32.158,192.168.1.128,169.9,415,97.5,TCP,9.0,port_scan
10.10.10.171,192.168.1.52,2346.8,89,232.7,AH,1.1,protocol_anomaly
198.51.100.10,172.16.1.50,28.0,1,24.9,TCP,484.9,slowloris
10.10.10.150,10.0.0.210,7121.5,4,59.1,UDP,13.0,udp_flood
172.16.0.222,172.16.1.173,795.6,115,239.1,PIM,15.7,protocol_anomaly
198.51.100.246,172.16.1.154,8.8,2,58.2,TCP,381.2,slowloris
203.0.113.80,10.0.0.235,823.6,295,71.8,TCP,3.9,port_scan
203.0.113.245,10.0.0.4,318.4,342,114.6,TCP,14.6,port_scan
198.51.100.121,172.16.1.6,5972.3,2,41.5,TCP,2.5,syn_flood
10.10.10.145,10.0.0.92,3924.9,3,37.7,UDP,17.0,udp_flood
203.0.113.100,192.168.1.210,4656.0,2,52.1,TCP,3.5,syn_flood
10.10.10.69,192.168.1.87,2133.7,146,414.2,SCTP,3.0,protocol_anomaly
10.10.10.107,10.0.0.228,787.1,246,68.4,TCP,1.8,port_scan
45.33.32.131,10.0.0.120,24.2,1,26.5,TCP,395.7,slowloris
198.51.100.198,10.0.0.29,369.0,171,96.3,TCP,11.3,port_scan
203.0.113.21,10.0.0.20,3873.9,1,80.7,UDP,23.0,udp_flood
45.33.32.238,172.16.1.77,1162.2,1,3670.9,UDP,3.9,dns_amplification
198.51.100.26,172.16.1.116,11.8,2,45.2,TCP,163.7,slowloris
198.51.100.105,172.16.1.253,2169.7,25,110.6,ESP,4.3,protocol_anomaly
10.10.10.6,172.16.1.35,7985.2,1,26.4,UDP,27.8,udp_flood
10.10.10.253,10.0.0.60,284.0,24,323.2,SCTP,22.2,protocol_anomaly
198.51.100.251,10.0.0.90,6196.8,2,69.4,UDP,22.5,udp_flood
198.51.100.139,172.16.1.95,9.2,1,44.2,TCP,449.5,slowloris
45.33.32.112,192.168.1.220,179.3,419,103.5,TCP,7.7,port_scan
203.0.113.185,172.16.1.69,29.0,2,25.4,TCP,544.8,slowloris
10.10.10.202,172.16.1.156,6598.5,3,40.4,UDP,10.5,udp_flood
203.0.113.244,192.168.1.85,6645.4,2,83.4,UDP,11.6,udp_flood
198.51.100.192,10.0.0.6,1888.4,2,3451.0,UDP,36.8,dns_amplification
198.51.100.40,10.0.0.35,7992.7,1,79.8,TCP,1.0,syn_flood
45.33.32.88,192.168.1.101,27.6,2,57.4,TCP,501.2,slowloris
45.33.32.121,192.168.1.185,1685.6,1,91.4,UDP,2.7,udp_flood
45.33.32.177,10.0.0.69,6800.7,1,61.7,TCP,4.6,syn_flood
203.0.113.6,192.168.1.251,488.2,111,114.3,UDP,7.3,port_scan
198.51.100.107,192.168.1.130,648.8,82,379.2,IGMP,9.8,protocol_anomaly
198.51.100.230,10.0.0.81,8627.5,2,56.1,TCP,9.0,syn_flood
203.0.113.123,10.0.0.127,2105.9,1,3736.3,UDP,21.1,dns_amplification
45.33.32.190,172.16.1.119,3202.5,2,61.8,TCP,2.7,syn_flood
172.16.0.180,10.0.0.153,16.7,1,56.3,TCP,259.3,slowloris
172.16.0.245,192.168.1.45,3411.5,1,3761.8,UDP,52.7,dns_amplification
203.0.113.163,172.16.1.223,4860.6,2,42.7,TCP,5.7,syn_flood
10.10.10.190,10.0.0.152,25.9,2,26.3,TCP,516.7,slowloris
198.51.100.166,10.0.0.191,631.5,70,118.6,SCTP,19.1,protocol_anomaly
10.10.10.160,192.168.1.92,9467.4,1,60.5,TCP,5.9,syn_flood
10.10.10.56,192.168.1.174,11.0,1,28.5,TCP,370.4,slowloris
203.0.113.108,192.168.1.215,1165.3,100,399.6,ESP,14.4,protocol_anomaly
172.16.0.115,10.0.0.193,415.3,49,107.0,TCP,8.4,port_scan
203.0.113.127,192.168.1.213,12.5,1,55.2,TCP,552.8,slowloris
10.10.10.134,192.168.1.159,3953.2,1,3404.0,UDP,46.9,dns_amplification
203.0.113.177,10.0.0.33,892.7,64,352.9,PIM,1.3,protocol_anomaly
198.51.100.239,172.16.1.173,619.8,330,94.0,TCP,10.2,port_scan
198.51.100.70,192.168.1.188,416.9,121,161.4,AH,15.5,protocol_anomaly
10.10.10.149,10.0.0.204,8302.2,1,48.0,TCP,5.3,syn_flood
172.16.0.43,192.168.1.70,1310.3,1,3660.8,UDP,33.3,dns_amplification
198.51.100.124,172.16.1.84,6294.6,1,45.1,TCP,9.9,syn_flood
203.0.113.204,10.0.0.15,571.5,351,69.0,TCP,7.1,port_scan
10.10.10.239,192.168.1.120,4159.5,2,1424.2,UDP,22.5,dns_amplification
172.16.0.188,172.16.1.13,2734.6,1,2605.1,UDP,31.9,dns_amplification
10.10.10.22,10.0.0.243,2865.1,2,2617.9,UDP,47.7,dns_amplification
203.0.113.18,192.168.1.184,2268.4,129,216.9,AH,10.3,protocol_anomaly
45.33.32.53,10.0.0.11,19.0,2,56.5,TCP,554.7,slowloris
45.33.32.101,192.168.1.204,57.4,85,293.8,ESP,25.9,protocol_anomaly
172.16.0.150,172.16.1.114,4255.2,2,1944.4,UDP,55.9,dns_amplification
